timestamp,station,filename,title,artist,album,score,label,play_offset_ms,acrid,genres
2025-04-10T15:14:56,KALX,data/kalx_clip_2025-04-10_15-14-29.mp3,Pull the Rope,Ibibio Sound Machine,The Black Notes EP,100,,243700,30fbebe0458924832028889026cada9a,
2025-04-10T15:21:08,KALX,data/kalx_clip_2025-04-10_15-20-39.mp3,ATS,OOIOO,TAIGA,100,Thrill Jockey,57160,d345ef54eda7dd107ed18ac83bd94d14,
2025-04-10T15:28:33,KALX,data/kalx_clip_2025-04-10_15-28-04.mp3,Ire,King Sunny Ade,Synchro System + Aura,49,UMC (Universal Music Catalogue),20700,6a10b4ef4bbf18172099a8aa24f61453,World
2025-04-10T15:34:34,KALX,data/kalx_clip_2025-04-10_15-34-04.mp3,GAME B1-10,Ilinx,Flipperen,100,Futura Resistenza,70080,309a7d55c00f7c66e7e5af622128a33d,Electro
2025-04-10T15:49:14,KALX,data/kalx_clip_2025-04-10_15-48-46.mp3,Grand voyageur,Juniore,"Trois, Deux, Un",100,Le Phonographe,104640,08d71fcd8472911a84c79208ac45ce09,Alternative - Indie Rock
2025-04-10T15:52:09,KALX,data/kalx_clip_2025-04-10_15-51-42.mp3,Blenheim Shots,Swell Maps,Jane From Occupied Europe,70,Mute,68840,38437da466530cea298437632108c9c1,Alternative;Rock
2025-04-10T15:58:18,KALX,data/kalx_clip_2025-04-10_15-57-50.mp3,Crick,Mercury,"Together We Are One, You and I",100,Big Loud Records,52420,fb94de113c64c5411308c599e33aded1,Alternative
2025-04-10T16:13:53,KALX,data/kalx_clip_2025-04-10_16-13-25.mp3,Join the Dots,Toy,Join the Dots,100,PIAS America,170800,37d942f025477b325c8afd4d86721278,Alternative;Indie Rock;Rock
2025-04-10T16:19:45,KALX,data/kalx_clip_2025-04-10_16-19-17.mp3,See Through Glasses,Galaxie 500,Uncollected Noise New York '88-'90,100,20/20/20,60140,6fc7ee49215171d7901d5fdd45491b1e,Rock
2025-04-10T16:28:06,KALX,data/kalx_clip_2025-04-10_16-27-36.mp3,Lesser Demons,Male Gaze,King Leer,100,Castle Face,174700,d0d3df73bc403c5f37e671615504de04,
2025-04-10T16:30:37,KALX,data/kalx_clip_2025-04-10_16-30-10.mp3,Shining in the Wood,Tiger,Shining in the Wood,100,Stoned Gnome Music,129780,99304737937560abd01b3407a8b6df84,Alternative;Pop IndÃ©;Rock indÃ©
2025-04-10T16:32:42,KALX,data/kalx_clip_2025-04-10_16-32-14.mp3,Share Your Care,Helen Ganya,Share Your Care,100,Bella Union,30940,6fa3908d350f3cb9d1acdac4e2b02c4b,Alternative - Electronic / EBM
2025-04-10T17:28:11,Test,data/kalx_clip_2025-04-10_15-59-18.mp3,Crick,Mercury,"Together We Are One, You and I",100,,140140,dfd323de655b8eab5b014f2ef50cc5ca,
2025-04-10T17:42:42,KALX,data/kalx_clip_2025-04-10_17-42-14.mp3,Thalassaki mou,Lolomis,Carmen 404,64,Airfono,339420,db86d121e2af4c0f7dcb8023b83c23fd,World Music: World - Fusion - Others...
2025-04-10T20:25:51,KALX,data/kalx_clip_2025-04-10_20-25-23.mp3,Little Acts Of Violence,Ray Bull,Little Acts Of Violence,100,Ray Bull,47340,5d1a27dd2d4fe2678201ce0c634f9edf,Alternative
2025-04-10T20:42:09,KALX,data/kalx_clip_2025-04-10_20-41-41.mp3,Ennui,Aldous Harding,Ennui,100,4AD,191300,f31dd1af9112e638ed474f302f94072a,Alternative
2025-04-10T21:08:29,KALX,data/kalx_clip_2025-04-10_21-08-01.mp3,Who Knows Where The Time Goes?,Fairport Convention,Gold Series,100,Universal Music,113440,1bf4f1976e6cc6bb75228a7f58745b30,Alternative;Indie Pop;Indie Rock;Pop;Indie Pop/Folk;Rock
2025-04-10T21:12:56,KALX,data/kalx_clip_2025-04-10_21-12-27.mp3,BalanÃ§o,Tim Maia,Tim Maia,100,Universal Music Ireland Ltd.,76300,6a75559fdb49e5efd1990b774eec58f1,Pop
2025-04-10T21:20:15,KALX,data/kalx_clip_2025-04-10_21-19-46.mp3,Mulher Brasileira,Jorge Ben,Obras-Primas,100,Universal Music International Ltda.,124460,14ac65c45baed15050cb9f4914035090,MPB
2025-04-10T21:27:36,KALX,data/kalx_clip_2025-04-10_21-27-08.mp3,Honey Bee,Ibibio Sound Machine,The Black Notes EP,100,Merge Records,62480,8982f14744dbc9e1dbf7352ea96ea84c,Electro
2025-04-10T21:30:34,KALX,data/kalx_clip_2025-04-10_21-30-05.mp3,Magica Bonita,The Bongo Hop,La Pata Coja,100,Underdog records,14640,458d1d7f8a6680787e1e34b38b693e58,Latin - Tropical;World Music / Regional Folklore
2025-04-11T01:24:19,KALX,data/kalx_clip_2025-04-11_01-23-51.mp3,LucifeÌrine,Ichiko Aoba,Luminescent Creatures,100,hermine,127960,d701df261e464243a777ea079f8c3a02,Alternative
2025-04-11T19:28:04,KALX,data/kalx_clip_2025-04-11_19-27-34.mp3,Faithful,Meshell Ndegeocello,Faithful,100,Maverick,161700,e7eee5e5fa10f269f91cc74d41b07634,R&B
2025-04-11T19:32:29,KALX,data/kalx_clip_2025-04-11_19-31-59.mp3,sometimes i still think of you to spite myself,lay / lie,finders / keepers,40,JAG LAB,144600,a415a1d5713c0f9e4d976146d5cf6189,Rock
2025-04-11T19:35:28,KALX,data/kalx_clip_2025-04-11_19-34-57.mp3,Let Go (Breakdown),Alice Russell,To Dust,100,Tru Thoughts,23980,483ea9d10081ee54fe1bf3c3c4795f37,R&B/Soul
2025-04-11T20:06:29,KALX,data/kalx_clip_2025-04-11_20-06-00.mp3,Prolog,FM Einheit,"Prometheus, Lear",100,FM 4.5.1,82940,610c4433109ea469f8908f5b9f409252,Films/Games;Film Scores
2025-04-11T20:14:01,KALX,data/kalx_clip_2025-04-11_20-13-32.mp3,Ain essouda,Ammar 808,Live at Another Sky Festival,94,Glitterbeat Records,72380,c4179735a1f8f5acde9069c9c5cfde12,Electronic: Oriental Beats
2025-04-11T20:21:37,KALX,data/kalx_clip_2025-04-11_20-21-09.mp3,The Number of the Sand,Lea Bertucci/Olivia Block,I Know the Number of the Sand and the Measure of the Sea,100,Room 40,362660,7dd11843b825ce96cfec437a760b9644,
2025-04-11T20:26:09,KALX,data/kalx_clip_2025-04-11_20-25-39.mp3,Seasick,Final,3,43,Neurot Recordings,9300,bc0cb020cebb0fffd76ec01669d4b1e3,Electronic: Electro
2025-04-11T20:42:08,KALX,data/kalx_clip_2025-04-11_20-41-38.mp3,trick world,Infinite Body,my bright abyss,100,Infinite Body,40320,9d58bda92b5da6f3b05736f7ea3c7a98,
2025-04-11T20:48:04,KALX,data/kalx_clip_2025-04-11_20-47-35.mp3,åä¸å¹»è±¡æ´é¨å¾ç,Guzz,çµé­æ¤ç©å­,100,Guzz,7600,5ad826599775c841277d02d606a41542,Electronic
2025-04-11T20:57:16,KALX,data/kalx_clip_2025-04-11_20-56-45.mp3,"You, An Illusion",Yu Ching é»é¨æ´,"You, An Illusion",100,Night School,262320,Alternative; Indie Pop; Pop
2025-04-11T21:11:11,KALX,data/kalx_clip_2025-04-11_21-10-41.mp3,Missiles,The Sound,Revolver,100,EMI Marketing,28520,Rock
2025-04-11T21:26:13,KALX,data/kalx_clip_2025-04-11_21-25-44.mp3,We Can Take Your Pain Away,Alec Empire,Miss Black America,100,Digital Hardcore Recordings,10460,Electro
2025-04-11T21:33:10,KALX,data/kalx_clip_2025-04-11_21-32-41.mp3,After Acid,Brainbombs,Burning Hell,55,Armageddon Label,247300,Rock
2025-04-11T21:41:16,KALX,data/kalx_clip_2025-04-11_21-40-47.mp3,Rubber Cell,Fever,Too Bad But True,43,Digital Hardcore Recordings,35320,Electro; R&B/Soul/Funk; Funk
2025-04-11T21:50:12,KALX,data/kalx_clip_2025-04-11_21-49-42.mp3,Hunter,Snog,Lies Inc./Dear Valued Customer,100,Metropolis Records,104620,
2025-04-11T21:56:11,KALX,data/kalx_clip_2025-04-11_21-55-41.mp3,Sea Eating Sun,theresa wong,Journey to the Cave of Guanyin,100,Room 40,32500,Electronic
2025-04-11T22:02:08,KALX,data/kalx_clip_2025-04-11_22-01-38.mp3,MATTE GLAZE,Immanuel Wilkins,Blues Blood,100,Blue Note Records,58740,Jazz
2025-04-11T22:06:07,KALX,data/kalx_clip_2025-04-11_22-05-37.mp3,Landscape For Future Earth,Keith Jarrett,Facing You,100,ECM Records,41800,Jazz; Pop
2025-04-11T22:09:06,KALX,data/kalx_clip_2025-04-11_22-08-36.mp3,You're Alright. The World's All Wrong,Eric Jacobson,Heading Home,100,Origin Records,15420,Jazz
2025-04-11T22:16:06,KALX,data/kalx_clip_2025-04-11_22-15-37.mp3,Ladies In Love,Fred Anderson,On The Run: Live At The Velvet Lounge,100,Delmark,27760,Jazz
2025-04-11T22:23:11,KALX,data/kalx_clip_2025-04-11_22-22-37.mp3,Last Stand,Elijah Ocean,Bring It All In,100,New Wheel Music,49780,Pop; Indie Pop/Folk
2025-04-11T22:26:13,KALX,data/kalx_clip_2025-04-11_22-25-42.mp3,Natural Born Baby,Cat Mountain,Life on Lazy Heart,100,Store Brand Records,24580,Rock
2025-04-11T22:34:14,KALX,data/kalx_clip_2025-04-11_22-33-45.mp3,Be Sweet,Deep Sea Diver,Be Sweet,100,Subpop Record Group,104320,Alternative
2025-04-11T22:37:15,KALX,data/kalx_clip_2025-04-11_22-36-45.mp3,Telescope,Nada Surf,Karmic,100,Nada Surf,53920,Rock
2025-04-11T22:42:14,KALX,data/kalx_clip_2025-04-11_22-41-43.mp3,Carry the Zero,Built To Spill,Carry the Zero,100,Warner Records Label,18980,Alternative
2025-04-11T22:48:10,KALX,data/kalx_clip_2025-04-11_22-47-41.mp3,So Young,Portugal. The Man,So Young,100,Atlantic Records,45400,Alternative
2025-04-11T22:52:13,KALX,data/kalx_clip_2025-04-11_22-51-40.mp3,Big Girl,Dr. Dog,Be The Void,100,Anti/Epitaph,41860,Alternative
2025-04-11T23:00:03,KALX,data/kalx_clip_2025-04-11_22-59-34.mp3,"Future Light (feat. Ray Larsen, Marina Albero, Andy Coe, Kelsey Mines & Christopher Icasiano) feat. Ray Larsen,Marina Albero,Andy Coe,Kelsey Mines,Christopher Icasiano",Naomi Moon Siegel,"Future Light (feat. Ray Larsen, Marina Albero, Andy Coe, Kelsey Mines & Christopher Icasiano) feat. Ray Larsen,Marina Albero,Andy Coe,Kelsey Mines,Christopher Icasiano",100,Naomi Moon Siegel,22020,
2025-04-11T23:06:36,KALX,data/kalx_clip_2025-04-11_23-06-07.mp3,Empty,King Gizzard And The Lizard Wizard,I'm In Your Mind Fuzz,100,Heavenly Recordings,92200,Alternative
2025-04-11T23:08:43,KALX,data/kalx_clip_2025-04-11_23-08-13.mp3,Empty,King Gizzard & The Lizard Wizard,I'm In Your Mind Fuzz,82,KGLW (King Gizzard & the Lizard Wizard),218460,Alternative
2025-04-11T23:17:34,KALX,data/kalx_clip_2025-04-11_23-17-04.mp3,The View Between Villages - Extended,Noah Kahan,Stick Season (We'll All Be Here Forever),100,Mercury Records/Republic Records,240400,Alternative
2025-04-11T23:21:35,KALX,data/kalx_clip_2025-04-11_23-21-05.mp3,Lost In Space (Radio Edit),Foster The People,Lost In Space (Radio Edit),100,Atlantic Records,14700,Pop
2025-04-11T23:25:36,KALX,data/kalx_clip_2025-04-11_23-25-07.mp3,Lost in Space,Foster The People,Lost in Space,100,Atlantic Records,258000,Pop
2025-04-11T23:31:00,KALX,data/kalx_clip_2025-04-11_23-30-52.mp3,Ain't No Sunshine,Bill Withers,Les Indispensables,100,Sony Music Media,37780,World; France; South America; R&B/Soul/Funk; Contemporary Soul
2025-04-11T23:34:40,KALX,data/kalx_clip_2025-04-11_23-34-08.mp3,The Donkey Song,I See Hawks In L.A.,California Country,100,Western Seeds Records,113880,
2025-04-11T23:41:48,KALX,data/kalx_clip_2025-04-11_23-41-19.mp3,The Brothers,David Caffey Jazz Orchestra,At the Edge of Spring,100,HDC Music Publications,144060,Jazz
2025-04-11T23:47:49,KALX,data/kalx_clip_2025-04-11_23-47-18.mp3,Gone the Holding,Cinder Well,Cadence,100,Free Dirt Records,16940,Folk
2025-04-11T23:52:58,KALX,data/kalx_clip_2025-04-11_23-52-26.mp3,Grassy Grass Grass (Grow Grow Grow),Woody Guthrie,Songs to Grow on for Mother and Child,100,Smithsonian Folkways Recordings,64200,Children's
2025-04-11T23:59:07,KALX,data/kalx_clip_2025-04-11_23-58-37.mp3,On Love,White Poppy,Alley of the Sun,73,Not Not Fun,107540,Alternative; Electro
2025-04-12T00:02:07,KALX,data/kalx_clip_2025-04-12_00-01-37.mp3,It Might As Well Be Spring,Ike Quebec,It Might As Well Be Spring,100,EMI,56760,Jazz
2025-04-12T00:08:52,KALX,data/kalx_clip_2025-04-12_00-08-22.mp3,Spring Will Be A Little Late This Year,Abbey Lincoln,Devil's Got Your Tongue,100,Universal Music Division Decca Records France,86780,Jazz
2025-04-12T00:16:01,KALX,data/kalx_clip_2025-04-12_00-15-31.mp3,A Spring Morning,Herbie Mann,The Evolution of,100,,51060,
2025-04-12T00:18:02,KALX,data/kalx_clip_2025-04-12_00-17-31.mp3,They Say It's Spring,Blossom Dearie,Sing & Swing!,100,Wnts,7380,Jazz - Cool Jazz
2025-04-12T00:22:03,KALX,data/kalx_clip_2025-04-12_00-21-33.mp3,Spring Is Here,Joe Pass,Unforgettable,100,Fantasy Records,31540,Jazz
2025-04-12T00:25:04,KALX,data/kalx_clip_2025-04-12_00-24-33.mp3,Spring Is Here,Anita O'Day,Spring Is Here,100,Union Square,9100,Vocal
2025-04-12T00:29:08,KALX,data/kalx_clip_2025-04-12_00-28-36.mp3,Spring Can Really Hang You Up The Most,Karrin Allyson,'Round Midnight,100,Concord Jazz,12880,Jazz
2025-04-12T00:36:07,KALX,data/kalx_clip_2025-04-12_00-35-37.mp3,Joy Spring,Barney Kessel,Let There Be Love,100,nagel heyer records,39680,Jazz
2025-04-12T00:43:08,KALX,data/kalx_clip_2025-04-12_00-42-38.mp3,Spring in Central Park (Remastered),The Dave Brubeck Quartet,The Complete Columbia Studio Albums Collection,100,Columbia/Legacy,61140,Jazz
2025-04-12T00:45:08,KALX,data/kalx_clip_2025-04-12_00-44-38.mp3,Some Other Spring,Ben Webster,Music For Loving,100,Verve,35920,Jazz
2025-04-12T00:50:09,KALX,data/kalx_clip_2025-04-12_00-49-38.mp3,Spring Is Here,June Christy,The Intimate Miss Christy,100,Blue Note Records,51380,Jazz; Pop; Films/Games
2025-04-12T00:53:10,KALX,data/kalx_clip_2025-04-12_00-52-40.mp3,Some Other Spring (Live-Instrumental),Dexter Gordon,The Art Of The Ballad,100,prestige,53720,Jazz
2025-04-12T00:55:10,KALX,data/kalx_clip_2025-04-12_00-54-40.mp3,Some Other Spring,Dexter Gordon,The Art Of The Ballad,100,Universal Music Ireland Ltd.,173340,Jazz; Instrumental jazz; Pop
2025-04-12T00:57:13,KALX,data/kalx_clip_2025-04-12_00-56-40.mp3,Some Other Spring,Billie Holiday,The Complete Billie Holiday On Verve 1945 - 1959,100,Verve Reissues,62360,Jazz
2025-04-12T01:41:58,KALX,data/kalx_clip_2025-04-12_01-41-27.mp3,Buried in Teeth,Mariee Sioux,Faces in the Rocks,100,Almost Musique,49820,Alternative; Indie Rock; Rock; Indie Rock/Rock pop
2025-04-12T14:13:05,KALX,data/kalx_clip_2025-04-12_14-12-35.mp3,Mary Always,Khruangbin,Hasta El Cielo,61,Night Time Stories,35320,Reggae
2025-04-12T14:18:07,KALX,data/kalx_clip_2025-04-12_14-17-37.mp3,La rosa china,Chancha VÃ­a Circuito,La Estrella,100,WONDERWHEEL RECORDINGS,88020,
2025-04-12T14:24:09,KALX,data/kalx_clip_2025-04-12_14-23-39.mp3,Sticks of Fury,Tommy Guerrero,No Mans Land,67,Too Good,11500,Alternative
2025-04-12T14:44:10,KALX,data/kalx_clip_2025-04-12_14-43-40.mp3,Ghost Walk,The Budos Band,The Budos Band,100,Daptone Records,7920,R&B/Soul
2025-04-12T14:55:07,KALX,data/kalx_clip_2025-04-12_14-54-37.mp3,La femme d'argent,Air,Moon Safari,100,Parlophone,42960,Electronic
2025-04-12T15:22:03,KALX,data/kalx_clip_2025-04-12_15-21-33.mp3,Eso No Lo He Dicho Yo,Adrian Quesada,Boleros PsicodÃ©licos,100,ATO Records,174800,Latin
2025-04-12T15:30:04,KALX,data/kalx_clip_2025-04-12_15-29-34.mp3,Bowls,Caribou,Swim + Swim Remixes,100,City Slang,54980,Alternative
2025-04-12T15:53:02,KALX,data/kalx_clip_2025-04-12_15-52-32.mp3,Destiny,Decisive Pink,Ticket to Fame,100,Fire Records,16920,Electronic: Dance
2025-04-12T16:12:04,KALX,data/kalx_clip_2025-04-12_16-11-34.mp3,Somebody,Deee-Lite / Chillblast,Somebody,100,Elektra 0591,19680,Pop
2025-04-12T16:14:04,KALX,data/kalx_clip_2025-04-12_16-13-34.mp3,Bug,Fontaines D.C.,Bug,55,XL Recordings,13140,Alternative
2025-04-12T16:21:11,KALX,data/kalx_clip_2025-04-12_16-20-40.mp3,I Dream of Jeannie (With Light Brown Hair),Stina Nordenstam,I Dream Of Jeannie (With Light Brown Hair),40,Telegram/Dolores (Distribution),10820,Pop
2025-04-12T16:25:15,KALX,data/kalx_clip_2025-04-12_16-24-44.mp3,"In Sound, We Found Each Other",Sweet Trip,"Little Darla Has a Treat for You, Vol. 30",100,Darla,20500,Electronic
2025-04-12T16:31:21,KALX,data/kalx_clip_2025-04-12_16-30-51.mp3,Orlando in Love,Japanese Breakfast,Orlando in Love,100,Dead Oceans,12720,Alternative
2025-04-12T16:35:27,KALX,data/kalx_clip_2025-04-12_16-34-55.mp3,Test Virgin Opposites,Greer,Big Smile,52,Epitaph,114640,Alternative
2025-04-12T16:38:27,KALX,data/kalx_clip_2025-04-12_16-37-57.mp3,Love Songs,Clairo,Love Songs,67,Subpop Record Group,36680,Alternative
2025-04-12T16:41:29,KALX,data/kalx_clip_2025-04-12_16-40-58.mp3,I Drive A Lot,Starflyer 59,The Fashion Focus,52,Tooth & Nail (TNN),41900,Christian
2025-04-12T16:47:35,KALX,data/kalx_clip_2025-04-12_16-47-04.mp3,out of body out of mind,Above Me,above me,61,Dandy Boy Records,90520,Alternative; Indie Rock
2025-04-12T16:53:37,KALX,data/kalx_clip_2025-04-12_16-53-07.mp3,Transitional Bird (Clever Girl),Candy Claws,Ceres & Calypso in the Deep Time,100,Twosyllable Records,13440,Pop - Rock: Alternative - Indie
2025-04-12T16:58:44,KALX,data/kalx_clip_2025-04-12_16-58-07.mp3,Benefits of Lying (With Your Friend),The Apples in Stereo,Her Wallpaper Reverie,85,The Apples in stereo,50980,Alternative; Indie Rock; Rock
2025-04-12T17:03:46,KALX,data/kalx_clip_2025-04-12_17-03-15.mp3,Idiot Box,Sharon Van Etten,Sharon Van Etten & The Attachment Theory,100,Jagjaguwar,23080,Alternative
2025-04-12T17:07:48,KALX,data/kalx_clip_2025-04-12_17-07-18.mp3,Touching Yourself,The Japanese House,In the End It Always Does,100,Dirty Hit,18540,Alternative
2025-04-12T17:10:48,KALX,data/kalx_clip_2025-04-12_17-10-18.mp3,panic attack,Andy Bell,pinball wanderer,100,Sonic Cathedral,19740,Alternative
2025-04-12T17:16:56,KALX,data/kalx_clip_2025-04-12_17-16-25.mp3,"Don't Think Twice, It's All Right",Joan Baez,"Joan Baez - "" World Musical and Counterculture Icon""",100,Isis,34500,Folk
2025-04-12T17:19:57,KALX,data/kalx_clip_2025-04-12_17-19-26.mp3,Frug,Rilo Kiley,Rilo Kiley,100,Little Record Company,27740,Rock
2025-04-12T17:23:03,KALX,data/kalx_clip_2025-04-12_17-22-29.mp3,L.A.,Elliott Smith,Songs About California,100,"UMG Recordings, Inc.",52220,Pop
2025-04-12T17:28:04,KALX,data/kalx_clip_2025-04-12_17-27-33.mp3,"New York, I Love You but You're Bringing Me Down",LCD Soundsystem,The Family (Original Motion Picture Soundtrack),100,EuropaCorp,127900,Soundtracks: Movie Soundtracks
2025-04-12T18:31:03,KALX,data/kalx_clip_2025-04-12_18-30-32.mp3,Dancing and Blood,Low,Double Negative,100,Sub Pop Records,37080,Alternative Rock
2025-04-12T18:41:05,KALX,data/kalx_clip_2025-04-12_18-40-35.mp3,Love Theme From Superman,Superman I Soundtrack,Superman Soundtrack (US Release),100,Rhino/Warner Bros.,98260,Classical; Pop; Films/Games; Film Scores
2025-04-12T18:50:05,KALX,data/kalx_clip_2025-04-12_18-49-35.mp3,Get With Da Wickedness (Flow Like That) [Remix],Lady of Rage,Necessary Roughness,79,Wideawake - Death Row,27920,Hip Hop/Rap
2025-04-12T18:55:04,KALX,data/kalx_clip_2025-04-12_18-54-35.mp3,Lost Ones,Lauryn Hill,The Miseducation of Lauryn Hill,100,Ruffhouse,25280,Hip Hop; Pop; Rock; R&B/Soul/Funk; Contemporary R&B; Contemporary Soul
2025-04-12T19:04:09,KALX,data/kalx_clip_2025-04-12_19-03-38.mp3,Satellite of Love,Ebony Jet,"Blacklips Bar: Androgyns and Deviants - Industrial Romance for Bruised and Battered Angels, 1992â1995",49,Anthology Recordings,26600,Alternative
2025-04-12T19:10:16,KALX,data/kalx_clip_2025-04-12_19-09-45.mp3,Summer of Love,Throwing Muses,Moonlight Concessions,100,Fire Records,27880,Pop - Rock: Alternative - Indie
2025-04-12T19:13:16,KALX,data/kalx_clip_2025-04-12_19-12-46.mp3,Tantas Tierras,Manu Chao,Viva Tu,100,RADIO BEMBA - New Lic,29320,World
2025-04-12T19:18:18,KALX,data/kalx_clip_2025-04-12_19-17-46.mp3,Tell Me A Story,Iggy Pop,Best Of,100,RCA Records Label,63140,Alternative/Indie
2025-04-12T19:19:21,KALX,data/kalx_clip_2025-04-12_19-18-48.mp3,Tell Me a Story,Iggy Pop,New Values,100,Buddha Records,125880,Rock
2025-04-12T19:23:21,KALX,data/kalx_clip_2025-04-12_19-22-51.mp3,Blodyn Gwyrdd,Tristwch Y Fenywod,Tristwch Y Fenywod,100,Night School,14680,Rock
2025-04-12T19:27:22,KALX,data/kalx_clip_2025-04-12_19-26-53.mp3,Wonder And Perish,Spahn Ranch,Back To The Wood,100,Dais Records,13080,Rock
2025-04-12T19:28:24,KALX,data/kalx_clip_2025-04-12_19-27-52.mp3,Wonder and Perish,Spahn Ranch,Back to the Wood,85,,73120,
2025-04-12T19:51:20,KALX,data/kalx_clip_2025-04-12_19-50-50.mp3,Intro (Shaolin Finger Jab) / Chamber Music,Wu-Tang Clan,The W,82,LOUD Records,80620,Hip Hop
2025-04-12T19:59:27,KALX,data/kalx_clip_2025-04-12_19-58-56.mp3,Love Theme From Superman,Superman I Soundtrack,Superman Soundtrack (US Release),100,Rhino/Warner Bros.,192380,Classical; Pop; Films/Games; Film Scores
2025-04-12T20:03:26,KALX,data/kalx_clip_2025-04-12_20-02-56.mp3,Everything is romantic,Charli XCX,Everything is romantic,100,Charli XCX Inc.,4620,Electronic
2025-04-12T20:07:30,KALX,data/kalx_clip_2025-04-12_20-07-01.mp3,Black Notes,Ibibio Sound Machine,The Black Notes EP,100,Merge Records,47620,Electro
2025-04-12T20:11:33,KALX,data/kalx_clip_2025-04-12_20-11-00.mp3,Bizarre Love Triangle,New Order,Brotherhood,100,Rhino/Warner Bros.,17120,Pop; Rock
2025-04-12T20:16:33,KALX,data/kalx_clip_2025-04-12_20-16-03.mp3,4EVA,Yetsuby,4EVA,100,Pink Oyster,61540,Electronic - Electronica / Downtempo; Dance
2025-04-12T20:24:37,KALX,data/kalx_clip_2025-04-12_20-24-05.mp3,Eating Crow,Lexagon,Feminine Care,100,Ratskin Records,34700,Folktronic
2025-04-12T20:27:38,KALX,data/kalx_clip_2025-04-12_20-27-07.mp3,Afterlife,Sharon Van Etten,Afterlife,82,Jagjaguwar,4440,Alternative
2025-04-12T20:32:42,KALX,data/kalx_clip_2025-04-12_20-32-08.mp3,Timepieces (feat. Billy Woods),Shabaka,Timepieces,100,Impulse!,59960,Jazz
2025-04-12T20:35:43,KALX,data/kalx_clip_2025-04-12_20-35-13.mp3,Pressure,Little Simz,GREY Area,100,AGE 101,107820,Hip Hop/Rap
2025-04-12T20:37:47,KALX,data/kalx_clip_2025-04-12_20-37-13.mp3,Azaleas,TSHA,Sad Girl,100,Ninja Tune,19080,Electronic
2025-04-12T20:42:47,KALX,data/kalx_clip_2025-04-12_20-42-17.mp3,Love Theme From Superman,Superman I Soundtrack,Superman Soundtrack (US Release),100,Rhino/Warner Bros.,163060,Classical; Pop; Films/Games; Film Scores
2025-04-12T20:44:49,KALX,data/kalx_clip_2025-04-12_20-44-18.mp3,Turn It Around,Husker Du,Turn It Around,100,Warner Catalog and O/H,98980,Rock
2025-04-12T20:49:53,KALX,data/kalx_clip_2025-04-12_20-49-20.mp3,What's on Your Mind (Pure Energy),Information Society,Rhino Hi-Five: Information Society,100,WM Mexico,130840,Rock
2025-04-12T20:52:56,KALX,data/kalx_clip_2025-04-12_20-52-23.mp3,Let Me Blow Ya Mind,Eve,Hip Hop: The Collection 2008,100,Universal Music,37580,Hip Hop
2025-04-12T20:57:59,KALX,data/kalx_clip_2025-04-12_20-57-28.mp3,Space Oddity,David Bowie,Rock 'n' Roll Star!,100,Non-Wea/Other,15980,Rock
2025-04-12T21:18:10,KALX,data/kalx_clip_2025-04-12_21-17-40.mp3,Romance,Sextile,A Thousand Hands,49,,43720,
2025-04-12T22:35:47,KALX,data/kalx_clip_2025-04-12_22-35-16.mp3,I Feel For You,Prince,The Hits 1,100,Warner Bros.,10560,R&B/Soul/Funk
2025-04-12T22:42:57,KALX,data/kalx_clip_2025-04-12_22-42-26.mp3,Mesh Mask,True Widow,True Widow,100,End Sounds,35120,Rock
2025-04-12T22:48:56,KALX,data/kalx_clip_2025-04-12_22-48-27.mp3,After The Dance,Marvin Gaye,I Want You,97,Universal Music Ireland Ltd.,53660,R&B/Soul/Funk
2025-04-12T22:54:56,KALX,data/kalx_clip_2025-04-12_22-54-26.mp3,"Godstar, Bryin Meets Brian - Suffering Clown Re-Mix",Psychic TV,Godstar: Thee Director's Cut,55,(C) 2004 Temple Records,349020,
2025-04-12T22:56:56,KALX,data/kalx_clip_2025-04-12_22-56-26.mp3,Born In Early May,mercury,Born In Early May,100,Big Loud Records,73040,Alternative
2025-04-12T22:57:56,KALX,data/kalx_clip_2025-04-12_22-57-26.mp3,Born In Early May,Mercury,Born In Early May,70,Big Loud Rock,133500,Alternative
2025-04-13T00:02:29,KALX,data/kalx_clip_2025-04-13_00-01-57.mp3,Midnight,Venus & The Razorblades,Midnight,82,Union Square,78200,Pop
2025-04-13T00:11:35,KALX,data/kalx_clip_2025-04-13_00-11-03.mp3,Werewolf,Michael Hurley,Wolfways,100,Bellemeade Phonics,33800,Pop; Indie Pop/Folk
2025-04-13T15:29:37,KALX,data/kalx_clip_2025-04-13_15-29-06.mp3,Evil Creatures,Mex,The Thing From The Crypt,100,Dark Entries Records,158780,Rock
2025-04-13T15:30:36,KALX,data/kalx_clip_2025-04-13_15-30-07.mp3,I Can't Escape Myself,The Sound,Jeopardy,100,Rhino,19380,Pop
2025-04-13T15:34:36,KALX,data/kalx_clip_2025-04-13_15-34-06.mp3,On The Wire,Zero Le CrÃªche,On The Wire,100,Anagram,23220,Rock
2025-04-13T15:38:37,KALX,data/kalx_clip_2025-04-13_15-38-07.mp3,Illusions,Isolation Ward,Point Final,100,LTM Recordings,35120,Rock
2025-04-13T15:43:38,KALX,data/kalx_clip_2025-04-13_15-43-08.mp3,Goodbye Horses,Q Lazzarus,Goodbye Horses - Single,100,Mon Amie Records,34900,Rock
2025-04-13T15:47:43,KALX,data/kalx_clip_2025-04-13_15-47-08.mp3,Time Enough At Last,The Fall,The War Against Intelligence - The Fontana Years,100,UMC (Universal Music Catalogue),90480,Alternative; Rock; Pop
2025-04-13T15:51:44,KALX,data/kalx_clip_2025-04-13_15-51-13.mp3,I Want 2 B U,THE THE,Muscle (4-Track Sampler),100,Cineola,96780,Soundtracks
2025-04-13T15:53:48,KALX,data/kalx_clip_2025-04-13_15-53-17.mp3,Tameless Horses,The Misz,The Lonely Crowd,100,Minimal Wave,23780,Electronic
2025-04-13T15:57:47,KALX,data/kalx_clip_2025-04-13_15-57-17.mp3,Silhouette,The Arms of Someone New,"Love, Power & Justice",100,Projekt:Archive,22840,
2025-04-13T16:02:52,KALX,data/kalx_clip_2025-04-13_16-02-19.mp3,Love Takes Miles,Cameron Winter,Heavy Metal,100,Partisan / Play It Again Sam,22120,Alternative
2025-04-13T16:05:52,KALX,data/kalx_clip_2025-04-13_16-05-21.mp3,We Could Be Looking For The Same Thing,Silver Jews,"Lookout Mountain, Lookout Sea",100,Drag City Records,5420,Rock
2025-04-13T16:09:53,KALX,data/kalx_clip_2025-04-13_16-09-23.mp3,No One Told He,Tony Molina,Confront the Truth,100,Slumberland Records,49920,Rock
2025-04-13T16:11:57,KALX,data/kalx_clip_2025-04-13_16-11-23.mp3,I Don't Really Care,Acetone,If You Only Knew,100,Vernon Yard/Caroline,24160,Alternative
2025-04-13T16:14:59,KALX,data/kalx_clip_2025-04-13_16-14-27.mp3,"Farrar, Straus & Giroux (Sea of Tears)",Destroyer,Streethawk: A Seduction,100,Merge Records,23380,Alternative
2025-04-13T16:21:04,KALX,data/kalx_clip_2025-04-13_16-20-33.mp3,I Can't Believe It's Me,Galaxie 500,Uncollected,100,20/20/20,22280,Rock
2025-04-13T16:25:03,KALX,data/kalx_clip_2025-04-13_16-24-33.mp3,Hours of Darkness Have Changed My Mind,Felt,Forever Breathes the Lonely Word,100,Cherry Red Records,30280,Indie Rock
2025-04-13T16:30:13,KALX,data/kalx_clip_2025-04-13_16-29-39.mp3,Firebell Ringing,The Pastels,Truckload Of Trouble,100,Fire Records,48140,Rock
2025-04-13T16:33:13,KALX,data/kalx_clip_2025-04-13_16-32-43.mp3,Isolation,#Poundsign#,Wavelength,100,Fantastic,31900,Pop
2025-04-13T16:38:13,KALX,data/kalx_clip_2025-04-13_16-37-43.mp3,French Radio,Swirlies,They Spent Their Wild Youthful Days In The Glittering World Of The Salons,100,Taang! Records,18000,Rock
2025-04-13T16:44:20,KALX,data/kalx_clip_2025-04-13_16-43-46.mp3,Strange,The Pains of Being Pure at Heart,Belong,100,Painbow,56760,Alternative
2025-04-13T16:50:21,KALX,data/kalx_clip_2025-04-13_16-49-50.mp3,Jennifer,Faust,Faust IV,100,Virgin Catalogue,25000,Rock
2025-04-13T16:56:24,KALX,data/kalx_clip_2025-04-13_16-55-52.mp3,White Nights,Psychic TV,Dreams Less Sweet,100,Sony Music UK,110480,Alternative/Indie
2025-04-13T16:59:27,KALX,data/kalx_clip_2025-04-13_16-58-56.mp3,The Party Is Over,Adult Fantasies,Towers Of Silence,100,Stroom,60120,Electro
2025-04-13T17:02:29,KALX,data/kalx_clip_2025-04-13_17-01-58.mp3,Ellar Carr,Saint Etienne,The Night,100,Heavenly Recordings,21800,
2025-04-13T17:03:29,KALX,data/kalx_clip_2025-04-13_17-02-59.mp3,Shadows,Yo La Tengo,Shadows,100,Matador,24400,Alternative
2025-04-13T17:07:31,KALX,data/kalx_clip_2025-04-13_17-07-00.mp3,Do I Sad?,Geneva Jacuzzi,Do I Sad?,100,Mexican Summer,19260,Rock
2025-04-13T17:10:32,KALX,data/kalx_clip_2025-04-13_17-10-02.mp3,A Song From Under the Floorboards,Magazine,The Radio With Pictures Album,100,Sony Music Entertainment,40020,Pop
2025-04-13T17:14:33,KALX,data/kalx_clip_2025-04-13_17-14-03.mp3,Fanzine Made Of Flesh,Mogwai,The Bad Fire,100,Temporary Residence Ltd.,32880,Alternative Rock
2025-04-13T17:19:33,KALX,data/kalx_clip_2025-04-13_17-19-03.mp3,Another Land,Medio Mutante,Eadem Mutata Resurgo,100,585205 Records DK,59980,
2025-04-13T17:22:33,KALX,data/kalx_clip_2025-04-13_17-22-02.mp3,Petrol,Severed Heads,Lamborghini / Petrol,40,Dark Entries Records,52420,Electro
2025-04-13T19:52:11,KALX,data/kalx_clip_2025-04-13_19-51-41.mp3,"Empty Rooms, Waiting Walls",Kevin McCune,Knots Into Frays,100,friend's house records,201560,Alternative; Indie Pop; Indie Rock
2025-04-13T19:57:12,KALX,data/kalx_clip_2025-04-13_19-56-42.mp3,Moon Over Marin,Dead Kennedys,Milking The Sacred Cow,100,Manifesto Records,48980,Alternative; Indie Rock
2025-04-13T20:00:13,KALX,data/kalx_clip_2025-04-13_19-59-43.mp3,Advice From Christmas Past,Dead Kennedys,"Plastic Surgery Disasters/In God We Trust, Inc.",46,Manifesto Records,11180,Christmas
2025-04-13T20:01:13,KALX,data/kalx_clip_2025-04-13_20-00-43.mp3,"KOMM, SUSSER TOD (M-10 Director's Edit Version)",Arianne,Evangelion Finally,100,Milan,23860,Soundtracks
2025-04-13T20:12:18,KALX,data/kalx_clip_2025-04-13_20-11-45.mp3,Enjoy Your Life,Tokimonsta,Eternal Reverie,100,Young Art Records,46380,Dance
2025-04-13T20:15:17,KALX,data/kalx_clip_2025-04-13_20-14-47.mp3,FLY,Yetsuby,4EVA,100,Pink Oyster,17920,Electronic - Electronica / Downtempo; Dance
2025-04-13T20:19:17,KALX,data/kalx_clip_2025-04-13_20-18-46.mp3,Suffering Isn't Virtuous,Farseek,Chump,100,Cameron Harrison,9780,Rock
2025-04-13T20:37:28,KALX,data/kalx_clip_2025-04-13_20-36-58.mp3,shine thru,Above Me,above me,100,Dandy Boy Records,53420,Alternative; Indie Rock
2025-04-13T20:40:28,KALX,data/kalx_clip_2025-04-13_20-39-57.mp3,O.F.T,Ling tosite sigure,#4,100,Manufacturers Indies,37900,
2025-04-13T20:49:34,KALX,data/kalx_clip_2025-04-13_20-49-04.mp3,Lossed Over,Cloakroom,Lossed Over,100,"Run For Cover Records, LLC",48940,Alternative Rock
2025-04-13T20:53:38,KALX,data/kalx_clip_2025-04-13_20-53-08.mp3,Seedless Star,Cloakroom,Time Well,100,Relapse Records,37020,Rock
2025-04-13T21:02:00,KALX,data/kalx_clip_2025-04-13_21-01-27.mp3,Gangsta's Paradise,Richard Cheese & Johnny Aloha,Richard Cheese Presents Johnny Aloha: Lavapalooza,100,Coverage Records,53400,Electro; Chill Out/Trip-Hop/Lounge; Jazz
2025-04-13T21:05:02,KALX,data/kalx_clip_2025-04-13_21-04-31.mp3,Manon,Ki!,Yong-Gwanglo Part Two,85,Crunchy Frog,63480,World Music
2025-04-13T23:47:48,KALX,data/kalx_clip_2025-04-13_23-47-18.mp3,That Magical Moment,Sopa Boba,That Moment,100,Sub rosa,87220,Alternative; Alternative
2025-04-14T00:03:11,KALX,data/kalx_clip_2025-04-14_00-02-37.mp3,My Philosophy,Boogie Down Productions,The Masters Series: Hip Hop,58,Sony Music Entertainment,168940,Hip Hop
2025-04-14T00:11:27,KALX,data/kalx_clip_2025-04-14_00-10-54.mp3,Boops (Here To Go),Sly & Robbie,Island Reggae,100,UMOD (Universal Music On Demand),67060,Pop
2025-04-14T00:14:34,KALX,data/kalx_clip_2025-04-14_00-14-04.mp3,Don't Let Up,Stereo MC's,Connected,100,Island Records,34300,Pop
2025-04-14T00:19:36,KALX,data/kalx_clip_2025-04-14_00-19-06.mp3,Makin Moves,TroyBoi,Makin Moves,100,T Dot Music,7780,Electro
2025-04-14T00:25:39,KALX,data/kalx_clip_2025-04-14_00-25-09.mp3,The Poetry Of The Flies ( DJ 8-Ball),Various Artists,Turntables by the Bay,100,,29960,
2025-04-14T00:29:40,KALX,data/kalx_clip_2025-04-14_00-29-08.mp3,Basement Raps,Lee;lassensai,Side Effects,73,SENSAI LAND,7900,
2025-04-14T00:32:39,KALX,data/kalx_clip_2025-04-14_00-32-09.mp3,Do My Ting (feat. Flowdan & Stush),Barclay Crenshaw/Flowdan/Stush,Open Channel,100,Easier Said,18000,Electro; Dance
2025-04-14T00:36:41,KALX,data/kalx_clip_2025-04-14_00-36-11.mp3,Shook Crews,Boogie T,Sweet T EP,100,,16420,
2025-04-14T00:39:40,KALX,data/kalx_clip_2025-04-14_00-39-09.mp3,Mama Said Knock You Out,LL Cool J,All World,100,Universal Music,6180,Pop
2025-04-14T00:44:45,KALX,data/kalx_clip_2025-04-14_00-44-15.mp3,Subculture,Styles of Beyond,Subculture B/W Windows,100,Spytech Records,40320,Hip-hop/Rap
2025-04-14T00:53:43,KALX,data/kalx_clip_2025-04-14_00-53-14.mp3,You Gots To Chill,EPMD,Strictly Business (25th Anniversary Expanded Edition),100,"Priority Records, LLC",23740,Rap
2025-04-14T00:58:47,KALX,data/kalx_clip_2025-04-14_00-58-14.mp3,Flava in Ya Ear (Club Mix),Craig Mack,Flava in Ya Ear (Club Mix),100,Bad Boy,54940,Rap/Hip Hop
2025-04-14T01:01:51,KALX,data/kalx_clip_2025-04-14_01-01-20.mp3,Ceremony,Galaxie 500,On Fire,100,Domino Recording Company,342560,Alternative
2025-04-14T01:03:51,KALX,data/kalx_clip_2025-04-14_01-03-21.mp3,prayer for amerikkka pt. 1 & 2,Jaimie Branch,prayer for amerikkka pt. 1 & 2,43,International Anthem Recording Co.,10020,Jazz
2025-04-14T01:25:56,KALX,data/kalx_clip_2025-04-14_01-25-26.mp3,Invocation of the Clown,Dakah Hip Hop Orchestra,Unfinished Symphony,67,Stravingus Records,22940,Hip Hop
2025-04-14T01:28:58,KALX,data/kalx_clip_2025-04-14_01-28-26.mp3,Adagio Asiago (Tryin II Sow My Love),Dakah Hip Hop Orchestra,Unfinished Symphony Remixed,100,KUFALA Recordings,38480,Hip Hop
2025-04-14T01:41:03,KALX,data/kalx_clip_2025-04-14_01-40-33.mp3,Yashan,Mulatu Astatke/Hoodna Orchestra,Tension,100,Batov Records,61540,
2025-04-14T01:48:02,KALX,data/kalx_clip_2025-04-14_01-47-33.mp3,Happy Times,Carl Allen,Happy Times,100,Cellar Live,51640,Jazz
2025-04-14T01:53:01,KALX,data/kalx_clip_2025-04-14_01-52-31.mp3,With Sea Lions,Jenny Scheinman,All Species Parade,100,Royal Potato Family,25340,Jazz
2025-04-14T01:58:03,KALX,data/kalx_clip_2025-04-14_01-57-32.mp3,Porch Concert Material 6,Ben Goldberg/Todd Sickafoose/Scott Amendola,Here to There,52,Secret Hatch Records,27740,Jazz
2025-04-14T02:13:17,KALX,data/kalx_clip_2025-04-14_02-12-45.mp3,The Avenue,Andrea Prichett,The Frame,100,Andrea Prichett,67180,Pop; Pop indÃ©/Folk; Folk
2025-04-14T02:25:32,KALX,data/kalx_clip_2025-04-14_02-25-01.mp3,The Frame,Andrea Prichett,The Frame,100,Andrea Prichett,18980,Pop; Pop indÃ©/Folk; Folk
2025-04-14T02:36:42,KALX,data/kalx_clip_2025-04-14_02-36-11.mp3,Line in the Sand,Andrea Prichett,The Frame,100,Andrea Prichett,58340,Pop; Pop indÃ©/Folk; Folk
2025-04-14T02:48:45,KALX,data/kalx_clip_2025-04-14_02-48-14.mp3,RUINS,Sleater-Kinney,The Center Won't Hold,76,Caroline International (S&D),49100,Alternative
2025-04-14T02:54:48,KALX,data/kalx_clip_2025-04-14_02-54-18.mp3,Nabeyoko Soul,ç§ä¼¸äºã¨ãã©ãã¯ã¸ã£ãã¯,"Makishin No Soul, Sore Wa Nai Ja Nai Ka!!",100,"Nippon Columbia Co., Ltd.",18800,Asian Music
2025-04-14T03:03:51,KALX,data/kalx_clip_2025-04-14_03-03-20.mp3,Chabe Rassi,Cheikha Djenia El K'bira,Sweet Rebels - The Golden Era of Algerian Pop-Rai,100,WeWantSounds,54320,
2025-04-14T03:09:55,KALX,data/kalx_clip_2025-04-14_03-09-21.mp3,Between Two Points with Romany Gilmour,David Gilmour,Between Two Points with Romany Gilmour,100,Legacy Recordings,5780,Pop; International Pop; Rock
2025-04-14T03:16:53,KALX,data/kalx_clip_2025-04-14_03-16-23.mp3,If (Live at The Roundhouse),Nick Mason's Saucerful of Secrets,Live at the Roundhouse,100,Legacy Recordings,80000,Rock
2025-04-14T03:17:53,KALX,data/kalx_clip_2025-04-14_03-17-23.mp3,Atom Heart Mother (Live at The Roundhouse),Nick Mason's Saucerful of Secrets,Live at the Roundhouse,100,Legacy Recordings,24640,Rock
2025-04-14T03:24:53,KALX,data/kalx_clip_2025-04-14_03-24-22.mp3,If (Reprise) (Live at The Roundhouse),Nick Mason's Saucerful of Secrets,Live at the Roundhouse,100,Legacy Recordings,9460,Rock
2025-04-14T03:26:54,KALX,data/kalx_clip_2025-04-14_03-26-24.mp3,The Tide Is Turning (After Live Aid),Roger Waters,The Album Collection,100,Columbia/Legacy,19740,Rock
2025-04-14T03:35:00,KALX,data/kalx_clip_2025-04-14_03-34-30.mp3,La Vie Est Belle,Amadou & Mariam,La Vie Est Belle,100,Because Music,56380,Afropop
2025-04-14T03:38:03,KALX,data/kalx_clip_2025-04-14_03-37-34.mp3,Get Up,Ebo Taylor,Ebo Taylor JID022,100,Jazz Is Dead,48820,Soul & Funk
2025-04-14T03:42:07,KALX,data/kalx_clip_2025-04-14_03-41-36.mp3,Vaqueiro,Claude Fontaine,La Mer,100,Innovative Leisure,61500,Reggae
2025-04-14T03:45:08,KALX,data/kalx_clip_2025-04-14_03-44-37.mp3,This Little Light of Mine,Fantastic Negrito,Son of a Broken Man,100,Storefront Records,44140,Rock
2025-04-14T03:51:14,KALX,data/kalx_clip_2025-04-14_03-50-43.mp3,Solea (Live at Montreux) [2015 Remaster],Miles Davis,The Last Word - The Warner Bros. Years,100,Rhino/Warner Records,48760,Jazz
2025-04-14T04:03:18,KALX,data/kalx_clip_2025-04-14_04-02-44.mp3,Happy Day (2024 Remaster),Talking Heads,Happy Day (2024 Remaster),100,Rhino Warner,95260,Rock
2025-04-14T04:06:18,KALX,data/kalx_clip_2025-04-14_04-05-48.mp3,I Wanna Live,Galaxie 500,Shout You Down / I Wanna Live,100,20/20/20,45800,Rock
2025-04-14T04:08:19,KALX,data/kalx_clip_2025-04-14_04-07-48.mp3,All Day Long (2024 Digital Master),New Order,All Day Long (2024 Digital Master),100,Warner Music UK,16920,Electronic
2025-04-14T04:29:21,KALX,data/kalx_clip_2025-04-14_04-28-48.mp3,Lucinda,A Certain Ratio,Lucinda,40,Mute (Artist Intelligence),126380,Alternative
2025-04-14T04:31:21,KALX,data/kalx_clip_2025-04-14_04-30-51.mp3,So In Love,OMD,Messages: Greatest Hits,100,EMI UK,12620,
2025-04-14T04:32:22,KALX,data/kalx_clip_2025-04-14_04-31-51.mp3,So In Love,Orchestral Manoeuvres in the Dark,The Best Of Orchestral Manoeuvres In The Dark,100,Virgin Records,68900,Rock
2025-04-14T04:35:24,KALX,data/kalx_clip_2025-04-14_04-34-54.mp3,Cavern,"Liquid, Liquid",Liquid Liquid,67,Universal-Island Records Ltd.,44500,Dance
2025-04-14T04:37:24,KALX,data/kalx_clip_2025-04-14_04-36-54.mp3,Cavern,Liquid Liquid,Slip In And Out Of Phenomenon,49,Domino Recording Co,164940,Alternative
2025-04-14T04:40:24,KALX,data/kalx_clip_2025-04-14_04-39-54.mp3,Moody,ESG,The Moody EP,82,Fire Records,26320,Rock
2025-04-14T04:45:24,KALX,data/kalx_clip_2025-04-14_04-44-55.mp3,Numbers,Kraftwerk,Computer World (2009 Remastered Version),55,Parlophone UK,63500,
2025-04-14T04:55:27,KALX,data/kalx_clip_2025-04-14_04-54-56.mp3,"The World is a Ghetto (Live in Japan, 1974)",War,"The World is a Ghetto (Live in Japan, 1974)",100,"Primary Wave Music IP Fund 1, LP",63700,R&B
2025-04-14T05:02:32,KALX,data/kalx_clip_2025-04-14_05-01-59.mp3,I'm falling for you - Album ver.,Yuma Abe,Hotel New Yuma,100,Thaian Records / SPACE SHOWER MUSIC,54160,Alternative
2025-04-14T05:05:37,KALX,data/kalx_clip_2025-04-14_05-05-07.mp3,Sienna,The MarÃ­as,Sienna,49,Atlantic Records,10940,Alternative
2025-04-14T05:09:39,KALX,data/kalx_clip_2025-04-14_05-09-08.mp3,Sun,Rahill,Sun,100,Subpop Record Group,35340,Alternative
2025-04-14T05:19:43,KALX,data/kalx_clip_2025-04-14_05-19-13.mp3,aurora,Ichiko Aoba,Luminescent Creatures,82,hermine,57960,Alternative
2025-04-14T05:21:43,KALX,data/kalx_clip_2025-04-14_05-21-13.mp3,Building Steam With A Grain Of Salt,DJ Shadow,Clubbed To Death,100,UMOD (Universal Music On Demand),55240,Hip Hop
2025-04-14T05:27:50,KALX,data/kalx_clip_2025-04-14_05-27-18.mp3,Wild Wild Horses,Atmosphere,Wild Wild Horses,55,ADA US,24620,Rap/Hip Hop
2025-04-14T05:33:52,KALX,data/kalx_clip_2025-04-14_05-33-22.mp3,Two Hearts in 3/4 Time,The Avalanches,Two Hearts in 3/4 Time,73,XL Recordings,39180,Electronic
2025-04-14T05:34:56,KALX,data/kalx_clip_2025-04-14_05-34-22.mp3,Two Hearts In 3/4 Time,The Avalanches,Since I Left You,64,Modular,104220,Alternative
2025-04-14T05:41:02,KALX,data/kalx_clip_2025-04-14_05-40-29.mp3,Say Please,Teams,Teams Vs. Star Slinger,55,Mexican Summer,107500,Electronic
2025-04-14T05:43:02,KALX,data/kalx_clip_2025-04-14_05-42-32.mp3,Rose Quartz,Toro Y Moi,About Last Night (Music from the Motion Picture),100,Columbia,27220,Soundtracks
2025-04-14T05:47:04,KALX,data/kalx_clip_2025-04-14_05-46-34.mp3,Come Andy Play In The Milky Night,Stereolab,The Studio Album Collection 1992-2004,100,Duophonic,13820,Hip-hop/Rap
2025-04-14T05:52:05,KALX,data/kalx_clip_2025-04-14_05-51-34.mp3,I Found The F,Broadcast,Tender Buttons,100,Warp Records,38400,Alternative; Rock
2025-04-14T05:58:10,KALX,data/kalx_clip_2025-04-14_05-57-38.mp3,From A Window,Linda Smith,I So Liked Spring,67,Captured Tracks,47960,
2025-04-14T05:59:11,KALX,data/kalx_clip_2025-04-14_05-58-40.mp3,Guess I'll Never (Mono 45 Version),Tommy Maris,Tommy Maris,49,Funkadelphia Records,35860,
2025-04-14T06:00:11,KALX,data/kalx_clip_2025-04-14_05-59-41.mp3,Guess I'll Never,Tommy Maris,Tommy Maris,100,Funkadelphia Records,97080,Pop
2025-04-14T06:01:15,KALX,data/kalx_clip_2025-04-14_06-00-41.mp3,Guess I'll Never (Mono 45 Version),Tommy Maris,Tommy Maris,55,Funkadelphia Records,154920,
2025-04-14T06:11:20,KALX,data/kalx_clip_2025-04-14_06-10-50.mp3,Waiting on the Right Time,Thee Sacred Souls,Got a Story to Tell,100,Daptone Records,13940,R&B
2025-04-14T06:15:20,KALX,data/kalx_clip_2025-04-14_06-14-50.mp3,You Know I Couldn't Last,Morrissey,You Are the Quarry,40,BMG Rights Management (UK) Limited,36960,Alternative
2025-04-14T06:23:29,KALX,data/kalx_clip_2025-04-14_06-22-56.mp3,The Ocean,Richard Hawley,Brigitte - The Men,100,Sony Classical,31920,Pop
2025-04-14T06:29:33,KALX,data/kalx_clip_2025-04-14_06-29-01.mp3,Drinking Problem,Surfer Blood,Tarot Classics,100,Kanine Records,61700,Alternative
2025-04-14T06:33:35,KALX,data/kalx_clip_2025-04-14_06-33-04.mp3,Natural's Not In It,Gang Of Four,Sound of College Rock,85,Rhino/Warner Bros.,127920,Alternative
2025-04-14T06:35:36,KALX,data/kalx_clip_2025-04-14_06-35-05.mp3,Cancel On Me,Bombay Bicycle Club,I Had The Blues But I Shook Them Loose,55,Universal-Island Records Ltd.,61660,Alternative; Pop
2025-04-14T06:40:40,KALX,data/kalx_clip_2025-04-14_06-40-07.mp3,Up So Fast,Young Man,Boy,100,Kitchen,50500,Alternative
2025-04-14T06:48:47,KALX,data/kalx_clip_2025-04-14_06-48-17.mp3,For No One For Now,Lael Neale,For No One For Now,73,Subpop Record Group,33780,Alternative
2025-04-14T06:52:50,KALX,data/kalx_clip_2025-04-14_06-52-20.mp3,New Beginning,Automatic,Excess,100,,30200,
2025-04-14T06:56:51,KALX,data/kalx_clip_2025-04-14_06-56-21.mp3,A Different Age,Current Joys,A Different Age,73,Current Joys,53460,Alternative
2025-04-14T07:01:54,KALX,data/kalx_clip_2025-04-14_07-01-24.mp3,Punks A Tiempo Parcial,Los BonsÃ¡is,Â¡Fanzine!,43,Elefant Records,58380,Pop
2025-04-14T07:06:55,KALX,data/kalx_clip_2025-04-14_07-06-25.mp3,tower,Ichiko Aoba,Luminescent Creatures,100,hermine,110480,Alternative
2025-04-14T07:09:57,KALX,data/kalx_clip_2025-04-14_07-09-27.mp3,Only Hinting,Clinic Stars,Only Hinting,100,kranky,59200,Pop
2025-04-14T07:14:57,KALX,data/kalx_clip_2025-04-14_07-14-27.mp3,Lioness,Songs: Ohia,The Lioness,100,Secretly Canadian,42780,Alternative; Indie Rock; Pop; Indie Pop/Folk; Rock; Indie Rock/Rock pop
2025-04-14T07:24:05,KALX,data/kalx_clip_2025-04-14_07-23-35.mp3,Idiot Box,Sharon Van Etten,Sharon Van Etten & The Attachment Theory,100,Jagjaguwar,13320,Alternative
2025-04-14T07:28:08,KALX,data/kalx_clip_2025-04-14_07-27-38.mp3,Infinito,Hugo Blanco Y Su Arpa Viajera,Saturno 2000 - La Rebajada de Los Sonideros 1962 - 1983,100,Analog Africa,14520,Latin - Tropical
2025-04-14T07:32:08,KALX,data/kalx_clip_2025-04-14_07-31-38.mp3,20æã®æ,Miki Hirayama,å¹³å±±ä¸ç´ ãã¹ãã»ãããã»ã¢ã«ãã ,100,"Nippon Columbia Co., Ltd.",45860,
2025-04-14T07:35:14,KALX,data/kalx_clip_2025-04-14_07-34-41.mp3,Waiting,The Altons,Heartache in Room 14,100,Daptone Records,33320,R&B/Soul
2025-04-14T07:38:13,KALX,data/kalx_clip_2025-04-14_07-37-43.mp3,Timbale Groove,Willie Bobo,Blue Note Trip 8: Swing Low/Fly High,100,EMI Music Netherlands B.V.,34480,Jazz
2025-04-14T07:41:15,KALX,data/kalx_clip_2025-04-14_07-40-43.mp3,Try Love,Sparkels,Try Love,100,Old Town Records,52920,R&B; Soul
2025-04-14T07:50:17,KALX,data/kalx_clip_2025-04-14_07-49-47.mp3,You Killed The Love,Betty Lavett,"The Motorcity Scrap Book, Vol. 2: Detroit Soul 1960-1963",61,History Of Soul,24440,R&B/Soul/Funk
2025-04-14T07:56:25,KALX,data/kalx_clip_2025-04-14_07-55-55.mp3,New Water,"Bonnie ""Prince"" Billy",The Purple Bird,100,No Quarter,148080,Indie Rock
2025-04-14T07:59:28,KALX,data/kalx_clip_2025-04-14_07-58-56.mp3,Patsy Cline,Jenny Toomey,Antidote,100,Misra Records,119520,Rock
2025-04-14T08:06:29,KALX,data/kalx_clip_2025-04-14_08-05-59.mp3,I'm Going Home,Cassie Ramone,Sweetheart,100,DISTROKID,113000,Alternative - Indie Rock; Alternative
2025-04-14T08:11:37,KALX,data/kalx_clip_2025-04-14_08-11-05.mp3,You Are Not Needed Now,Townes Van Zandt,"High, Low And In Between",76,Capitol Records,96980,Folk
2025-04-14T08:14:45,KALX,data/kalx_clip_2025-04-14_08-14-14.mp3,Ariel Ramirez,Richard Buckner,Since,100,Geffen*,33460,Folk; Country
2025-04-14T08:16:48,KALX,data/kalx_clip_2025-04-14_08-16-16.mp3,The Lost Soul,The Handsome Family,Scattered,100,Handsome Family Music,20260,Alternative; Pop; Indie Pop/Folk
2025-04-14T08:20:49,KALX,data/kalx_clip_2025-04-14_08-20-17.mp3,"Satan, Your Kingdom Must Come Down",Frank Proffitt,High Atmosphere: Ballads And Banjo Tunes From Virginia And North Carolina,100,New Rounder,61480,Folk
2025-04-14T08:24:52,KALX,data/kalx_clip_2025-04-14_08-24-22.mp3,Ghost,HYPER GAL,Ghost,100,FRIENDSHIP.,15560,Alternative
2025-04-14T08:27:52,KALX,data/kalx_clip_2025-04-14_08-27-22.mp3,High in the Cinema,Pens,"Hey Friend, What You Doing?",91,De Stijl Records,25080,Alternative Rock
2025-04-14T08:32:54,KALX,data/kalx_clip_2025-04-14_08-32-25.mp3,Mucho Mistrust,Fake Fruit,Mucho Mistrust,73,Carpark Records,66940,Alternative; Indie Rock; Rock
2025-04-14T08:35:55,KALX,data/kalx_clip_2025-04-14_08-35-25.mp3,Manananggal,Halo Halo,Manananggal / Sunshine Kim,85,M'lady's Records,27700,Alternative; Indie Rock
2025-04-14T08:38:55,KALX,data/kalx_clip_2025-04-14_08-38-25.mp3,Pretty,Hippster Trio,Hipster '60s Rarities & Obscurities,100,Big Eye Music,22640,Rock
2025-04-14T08:39:55,KALX,data/kalx_clip_2025-04-14_08-39-25.mp3,LSD Lindo Sonho Delirante,FÃ¡bio,LSD Lindo Sonho Delirante / o Reloginho,100,Groovie Records,82840,Psychedelic; Rock & Roll
2025-04-14T08:40:55,KALX,data/kalx_clip_2025-04-14_08-40-25.mp3,Pretty,Hippster Trio,Hipster '60s Rarities & Obscurities,100,Big Eye Music,142620,Rock
2025-04-14T08:41:57,KALX,data/kalx_clip_2025-04-14_08-41-25.mp3,Sinister Purpose,the Dinosaurs,Psych Rock from India,55,Purple Pyramid Records,60400,World; Rock
2025-04-14T08:51:04,KALX,data/kalx_clip_2025-04-14_08-50-32.mp3,Inanimate Objects,Bunnygrunt,Pop American Style,46,March Records,25720,Alternative; Indie Pop; Indie Rock; Pop; Indie Pop/Folk; Rock
2025-04-14T08:59:13,KALX,data/kalx_clip_2025-04-14_08-58-41.mp3,And When You're There,The Chills,Spring Board: The Early Unrecorded Songs,100,Fire Records,10760,Pop - Rock: Rock
2025-04-14T09:03:21,KALX,data/kalx_clip_2025-04-14_09-02-50.mp3,I Wanna Go Outside,Gori Prod.,I Wanna Go Outside,49,GORI PROD.,2940,Rap/Hip Hop
2025-04-14T09:04:21,KALX,data/kalx_clip_2025-04-14_09-03-51.mp3,I Got Warrants,Magic in Threes,Magic in Threes,100,G.E.D. Soul Records,22440,R&B
2025-04-14T09:09:22,KALX,data/kalx_clip_2025-04-14_09-08-52.mp3,Having a Party (Live),Sam Cooke,The RCA Albums Collection,100,RCA/Legacy,65140,R&B
2025-04-14T09:13:30,KALX,data/kalx_clip_2025-04-14_09-12-57.mp3,"Top Forty, News, Weather and Sports",Mark Dinning,Den Vilde Vind,100,Golden Bridge Records,13420,Rock - Classic
2025-04-14T09:16:36,KALX,data/kalx_clip_2025-04-14_09-16-05.mp3,Tiny Blue Transistor Radio,Connie Smith,The Essential Connie Smith,100,Legacy Recordings,36760,Country
2025-04-14T09:18:38,KALX,data/kalx_clip_2025-04-14_09-18-07.mp3,Listen To The Radio,Nanci Griffith,Storms,55,Universal Music,9600,Pop
2025-04-14T09:23:45,KALX,data/kalx_clip_2025-04-14_09-23-16.mp3,You Turn Me on I'm a Radio,Joni Mitchell,You Turn Me on I'm a Radio,100,Elektra 0591,98620,Pop
2025-04-14T09:36:05,KALX,data/kalx_clip_2025-04-14_09-35-33.mp3,Pilot Of The Airwaves (Re-Recorded / Remastered),Charlie Dore,70 Hits Of The '70s (Re-Recorded / Remastered Versions),100,Goldenlane Records,11460,Rock
2025-04-14T09:40:10,KALX,data/kalx_clip_2025-04-14_09-39-38.mp3,OTRA VEZ AYER,Carpenters,Carpenters The Singles,58,Bumeran Music,35200,Pop
2025-04-14T09:42:18,KALX,data/kalx_clip_2025-04-14_09-41-40.mp3,Yesterday Once More,Carpenters,Now & Then,55,A&M,155760,Pop
2025-04-14T09:44:25,KALX,data/kalx_clip_2025-04-14_09-43-53.mp3,The Radio Song,The Parade,The Radio Song,100,Now Sounds,57280,Pop
2025-04-14T09:46:28,KALX,data/kalx_clip_2025-04-14_09-45-56.mp3,Radio Head (2005 Remaster),Talking Heads,Radio Head (2005 Remaster),100,Warner Rhino Off Roster-Audio,21080,Rock
2025-04-14T09:59:50,KALX,data/kalx_clip_2025-04-14_09-59-17.mp3,We Want The Airwaves,Shonen Knife,Osaka Ramones - Tribute to The Ramones,100,Good Charamel Records,58200,Alternative; Indie Rock
2025-04-14T10:03:51,KALX,data/kalx_clip_2025-04-14_10-03-21.mp3,Do You Remember Rock and Roll Radio (Remastered Version),Ramones,Greatest Hits,100,Rhino/Warner Bros.,88040,Alternative; Indie Rock; Rock
2025-04-14T10:07:54,KALX,data/kalx_clip_2025-04-14_10-07-24.mp3,Radio Wunderbar,The Carpettes,Radio Wunderbar,100,Cherry Red Records,100380,Rock
2025-04-14T10:09:54,KALX,data/kalx_clip_2025-04-14_10-09-25.mp3,On My Radio,The Selecter,Too Much Pressure,100,Chrysalis Records,31580,Reggae
2025-04-14T10:12:57,KALX,data/kalx_clip_2025-04-14_10-12-26.mp3,This is Radio Clash,The Clash,Hits Back Japan Version,100,Sony Music Japan International,27680,Punk
2025-04-14T10:34:23,KALX,data/kalx_clip_2025-04-14_10-33-51.mp3,Radio Heart (Radio Mix),Gary Numan,Nicholson/Numan 1987-1994,100,NB Music (GB),56020,
2025-04-14T10:35:23,KALX,data/kalx_clip_2025-04-14_10-34-53.mp3,Radio Heart - Radio Edit [2024 Remaster],Radio Heart,RADIO HEART - Radio Edit [2024 Remaster],100,,116640,
2025-04-14T10:38:26,KALX,data/kalx_clip_2025-04-14_10-37-55.mp3,Radio Heartbeat,Mode Moderne,Ghosts Emerging,79,Mode Moderne,34740,Pop
2025-04-14T10:41:26,KALX,data/kalx_clip_2025-04-14_10-40-56.mp3,Transmission,Joy Division,The Best Of,73,London Records,6460,Alternative; Pop
2025-04-14T10:49:34,KALX,data/kalx_clip_2025-04-14_10-49-03.mp3,On the Radio,Cheap Trick,Heaven Tonight,100,Epic/Legacy,56080,Rock
2025-04-14T11:06:55,KALX,data/kalx_clip_2025-04-14_11-06-25.mp3,Hey DJ,World's Famous Supreme Team,Hey DJ,100,Mighty C. Productions,8060,
2025-04-14T11:11:01,KALX,data/kalx_clip_2025-04-14_11-10-26.mp3,No More ?'s,Eazy-E,Eternal E,100,Priority Records,13240,Rap
2025-04-14T11:15:06,KALX,data/kalx_clip_2025-04-14_11-14-36.mp3,This Is Something for the Radio (Dub),Biz Markie,This Is Something for the Radio (Dub),100,Rhino (Pure),28700,Rap/Hip Hop
2025-04-14T11:17:09,KALX,data/kalx_clip_2025-04-14_11-16-36.mp3,This Is Something for the Radio (Best Of),Biz Markie,Biz's Baddest Beats: The Best Of Biz Markie,100,Rhino,148100,Rap/Hip Hop
2025-04-14T11:20:09,KALX,data/kalx_clip_2025-04-14_11-19-39.mp3,Radio,The Avalanches,Radio,100,XL Recordings,66560,Electronic
2025-04-14T11:34:22,KALX,data/kalx_clip_2025-04-14_11-33-51.mp3,On The Radio,Donna Summer,On The Radio: Greatest Hits Volumes I & II,100,Universal/Island Def Jam,15060,R&B
2025-04-14T11:39:27,KALX,data/kalx_clip_2025-04-14_11-38-58.mp3,Last Night a D.J. Saved My Life,Indeep,The Collection,100,UNIDISC MUSIC INC.,72400,Dance; Pop
2025-04-14T11:45:24,KALX,data/kalx_clip_2025-04-14_11-44-54.mp3,Radio Waves,Orchestral Manoeuvres In The Dark,Dazzle Ships,40,Virgin Catalogue,65360,Rock
2025-04-14T11:51:29,KALX,data/kalx_clip_2025-04-14_11-50-55.mp3,Beatin' tha Breaks,Magic in Threes,Magic in Threes,43,G.E.D. Soul Records,38500,R&B
2025-04-14T11:59:38,KALX,data/kalx_clip_2025-04-14_11-59-07.mp3,I Love My Radio,Taffy,I Love My Radio,100,Do It Yourself Music Group,63960,Dance; Pop
2025-04-14T12:03:39,KALX,data/kalx_clip_2025-04-14_12-03-09.mp3,Scarlotta's Magnolias,Circles Around The Sun (Neal Casal),Scarlotta's Magnolias,100,Rhino (Pure),59540,Pop
2025-04-14T12:19:46,KALX,data/kalx_clip_2025-04-14_12-19-15.mp3,Cosmic Appalachian Radio,Olivia Wolf,Silver Rounds,100,Olivia Wolf,50440,Country
2025-04-14T12:22:47,KALX,data/kalx_clip_2025-04-14_12-22-16.mp3,Don't Let Me Down,Lucinda Williams,Lucinda Williams Sings The Beatles From Abbey Road,100,Highway 20 Records,58440,Rock
2025-04-14T12:25:49,KALX,data/kalx_clip_2025-04-14_12-25-18.mp3,Wake The Dead,Chuck Prophet,Wake The Dead,100,Yep Roc Records,37780,Folk
2025-04-14T12:28:53,KALX,data/kalx_clip_2025-04-14_12-28-22.mp3,you must not feel the way i do,Rainbow Girls,"You Must Not Feel the Way I Do, Loser",70,Rainbow Girls,13440,Alternative; Indie Rock; Rock; Indie Rock/Rock pop
2025-04-14T12:37:04,KALX,data/kalx_clip_2025-04-14_12-36-34.mp3,Smokestack Lightning,"Clarence Edwards, Cornelius Edwards & Butch Cage",Smokestack Lightning,100,Arhoolie Records,10200,Adult Contemporary
2025-04-14T12:40:06,KALX,data/kalx_clip_2025-04-14_12-39-35.mp3,Sooner Or Later,Carolyn Wonderland,Sooner Or Later,100,Alligator Records,48860,Blues; Roots Rock
2025-04-14T12:44:10,KALX,data/kalx_clip_2025-04-14_12-43-39.mp3,Jesus Was A Drag Queen,"Melody Walker, Mercy Bell",Jesus Was A Drag Queen,100,Antifragile Music,45440,Alternative
2025-04-14T12:48:10,KALX,data/kalx_clip_2025-04-14_12-47-38.mp3,"Get Up, Stand Up",Peter Tosh,Les Indispensables,52,Sony Music Media,25740,Pop
2025-04-14T13:00:26,KALX,data/kalx_clip_2025-04-14_12-59-57.mp3,Chabe Rassi,Cheikha Djenia El K'bira,Sweet Rebels - The Golden Era of Algerian Pop-Rai,100,WeWantSounds,19360,
2025-04-14T13:05:28,KALX,data/kalx_clip_2025-04-14_13-04-54.mp3,A Day in the Life,Milton Nascimento,Milton + esperanza VOCAL JAZZ RECORD OF THE YEAR,100,Concord Records,46960,Jazz
2025-04-14T13:09:39,KALX,data/kalx_clip_2025-04-14_13-09-08.mp3,"Every Ghetto, Every City",Lauryn Hill,The Miseducation of Lauryn Hill,100,Ruffhouse/Columbia,29380,Pop
2025-04-14T13:22:58,KALX,data/kalx_clip_2025-04-14_13-22-28.mp3,Rum Boogie,Southern Avenue,Rum Boogie,100,Alligator Records,15280,Blues; Roots Rock
2025-04-14T13:28:04,KALX,data/kalx_clip_2025-04-14_13-27-32.mp3,I Guess Time Just Makes Fools of Us All,Father John Misty,I Guess Time Just Makes Fools of Us All,100,Subpop Record Group,123100,Alternative
2025-04-14T13:35:12,KALX,data/kalx_clip_2025-04-14_13-34-38.mp3,Mr. Alice Doesn't Live Here Anymore,Was [Not Was],Mr. Alice Doesn't Live Here Anymore,100,Ryko Proprietary,43000,Rock
2025-04-14T13:47:19,KALX,data/kalx_clip_2025-04-14_13-46-49.mp3,River,"Miko Marks, the Resurrectors",Feel Like Going Home,100,Redtone Records,62620,Country
2025-04-14T13:50:23,KALX,data/kalx_clip_2025-04-14_13-49-53.mp3,Something Strange,Katie Skene,Symmetry of Wildflowers,100,Two Moons,12800,Rock
2025-04-14T14:09:42,KALX,data/kalx_clip_2025-04-14_14-09-08.mp3,Last Leaf,Willie Nelson,Last Leaf,100,Legacy Recordings,106020,Pop
2025-04-14T14:11:44,KALX,data/kalx_clip_2025-04-14_14-11-15.mp3,E Tune (feat. BÃ©la Fleck),Sierra Hull,A Tip Toe High Wire,100,Sierra Hull,45760,Country
2025-04-14T14:14:46,KALX,data/kalx_clip_2025-04-14_14-14-13.mp3,River,Yonder Mountain String Band,Nowhere Next,100,Frog Pad Records,16920,Country
2025-04-14T14:17:48,KALX,data/kalx_clip_2025-04-14_14-17-18.mp3,I Am California,Mike Beck,Mike Beck,100,Mike Beck,26860,Pop; Indie Pop/Folk; Folk
2025-04-14T14:33:02,KALX,data/kalx_clip_2025-04-14_14-32-32.mp3,East West (Live),The Third Mind,Live Mind,100,Yep Roc Records,14940,Rock; Psychedelic Rock
2025-04-14T14:55:10,KALX,data/kalx_clip_2025-04-14_14-54-38.mp3,Scooter Blues,Johnny Blue Skies,Passage Du Desir,100,High Top Mountain Records,47900,Country
2025-04-14T14:58:13,KALX,data/kalx_clip_2025-04-14_14-57-42.mp3,The Moma Dance,Phish,The Moma Dance,100,Elektra,16460,Rock
2025-04-14T15:01:19,KALX,data/kalx_clip_2025-04-14_15-00-49.mp3,Welcome To The Jungle,Guns N' Roses,Appetite For Destruction (Super Deluxe Edition),67,Geffen Records,20900,Rock
2025-04-14T15:08:29,KALX,data/kalx_clip_2025-04-14_15-07-55.mp3,Jungle,Electric Light Orchestra,Out Of The Blue,40,Epic/Legacy,51460,Pop; Rock; Indie Rock/Rock pop
2025-04-14T15:11:28,KALX,data/kalx_clip_2025-04-14_15-10-59.mp3,Makes Me Wonder,Maroon 5,Singles,100,Universal Music,24360,Pop; Rock
2025-04-14T15:15:36,KALX,data/kalx_clip_2025-04-14_15-14-59.mp3,The Trees,Rush,Spirit Of Radio: Greatest Hits (1974-1987),100,Universal Music International Ltda.,61980,Rock
2025-04-14T15:19:35,KALX,data/kalx_clip_2025-04-14_15-19-04.mp3,Canned Heat,Jamiroquai,Center Stage Music From The Motion Picture,100,Epic/Sony Music Soundtrax,13120,Electro; Dance; Pop; Rock; Films/Games; Film Scores
2025-04-14T15:20:34,KALX,data/kalx_clip_2025-04-14_15-20-05.mp3,Canned Heat (Radio Edit),Jamiroquai,Essential - One For The Lads,100,Sony Music UK,66160,Dance
2025-04-14T15:22:39,KALX,data/kalx_clip_2025-04-14_15-22-09.mp3,Canned Heat,Jamiroquai,Center Stage Music From The Motion Picture,100,Epic/Sony Music Soundtrax,197920,Electro; Dance; Pop; Rock; Films/Games; Film Scores
2025-04-14T15:24:39,KALX,data/kalx_clip_2025-04-14_15-24-09.mp3,Canned Heat (Radio Edit),Jamiroquai,Essential - One For The Lads,100,Sony Music UK,212560,Dance
2025-04-14T15:29:42,KALX,data/kalx_clip_2025-04-14_15-29-12.mp3,Club Tropicana,Wham!,Fantastic,100,Epic,85420,Alternative; Indie Pop; Indie Rock; Electro; Dance; Pop; Indie Pop/Folk; Rock; R&B/Soul/Funk; Disco
2025-04-14T15:32:41,KALX,data/kalx_clip_2025-04-14_15-32-11.mp3,GOOD TIMES,Jungle,GOOD TIMES / PROBLEMZ,100,Caiola Records,12240,Electronic
2025-04-14T15:35:43,KALX,data/kalx_clip_2025-04-14_15-35-13.mp3,PROBLEMZ,Jungle,GOOD TIMES / PROBLEMZ,100,Caiola Records,8560,Electronic
2025-04-14T15:38:45,KALX,data/kalx_clip_2025-04-14_15-38-14.mp3,Pretty Little Thing,Jungle,Volcano,100,Caiola Records,82620,Electronic
2025-04-14T15:39:45,KALX,data/kalx_clip_2025-04-14_15-39-15.mp3,Tondo,Disclosure,ENERGY (Deluxe),100,Universal-Island Records Ltd.,30600,Electronic
2025-04-14T15:48:48,KALX,data/kalx_clip_2025-04-14_15-48-18.mp3,A Forest,The Cure,Seventeen Seconds,100,Universal Music,34480,Alternative
2025-04-14T15:54:45,KALX,data/kalx_clip_2025-04-14_15-54-16.mp3,Walking In Your Footsteps,The Police,The Police,100,A&M,45320,Rock; Pop
2025-04-14T15:56:47,KALX,data/kalx_clip_2025-04-14_15-56-17.mp3,Walking In Your Footsteps (Remastered 2023),The Police,Walking In Your Footsteps (Remastered 2023),100,Polydor Associated Labels,166340,Rock
2025-04-14T15:58:47,KALX,data/kalx_clip_2025-04-14_15-58-16.mp3,Remind Me,RÃ¶yksopp,Remind Me,100,PLG France,45860,Dance
2025-04-14T16:06:49,KALX,data/kalx_clip_2025-04-14_16-06-19.mp3,Monkey Man,The Specials,Darcy's Wild Life,70,SBME Strategic Marketing Group,28200,Alternative
2025-04-14T16:09:50,KALX,data/kalx_clip_2025-04-14_16-09-19.mp3,Stranded In The Jungle,New York Dolls,Stranded In The Jungle,100,Island Mercury,66680,Rock
2025-04-14T16:12:53,KALX,data/kalx_clip_2025-04-14_16-12-23.mp3,(Nothing But) Flowers (2005 Remastered LP Version ),Talking Heads,Naked [w/Bonus Track],100,Rhino/Warner Bros.,40740,Rock
2025-04-14T16:25:17,KALX,data/kalx_clip_2025-04-14_16-24-45.mp3,Jungle Love,The Time,Ice Cream Castle,100,Warner Bros.,35720,Hip Hop; R&B/Soul/Funk; Funk
2025-04-14T16:36:23,KALX,data/kalx_clip_2025-04-14_16-35-52.mp3,Jam,Toad the Wet Sprocket,Pale,100,Toad the Wet Sprocket,61960,Rock
2025-04-14T16:44:26,KALX,data/kalx_clip_2025-04-14_16-43-54.mp3,Africa,Weezer,Africa,100,Crush Music/Atlantic,102960,Alternative
2025-04-14T16:47:30,KALX,data/kalx_clip_2025-04-14_16-46-58.mp3,Lost In The Paradise,Caetano Veloso,Lost In The Paradise,100,Universal Music Ltda.,62440,Pop
2025-04-14T16:55:37,KALX,data/kalx_clip_2025-04-14_16-55-05.mp3,Cuscatalan,Frente!,Marvin The Album,100,WM Australia,95980,Pop
2025-04-14T16:57:37,KALX,data/kalx_clip_2025-04-14_16-57-07.mp3,Lying Has To Stop,Soft Hair,Soft Hair,100,Weird World,41400,Alternative
2025-04-14T17:03:43,KALX,data/kalx_clip_2025-04-14_17-03-12.mp3,Riding into Blue,Inga Humpe,Riding into Blue,100,WM Germany,30820,Pop
2025-04-14T17:15:54,KALX,data/kalx_clip_2025-04-14_17-15-23.mp3,Jungle,The Buttertones,Midnight in a Moonless Dream,100,Innovative Leisure,15120,Rock
2025-04-14T17:18:58,KALX,data/kalx_clip_2025-04-14_17-18-28.mp3,Monky Disco,Babe Rainbow,The Babe Rainbow,100,30th Century Records,7640,Alternative
2025-04-14T17:19:58,KALX,data/kalx_clip_2025-04-14_17-19-28.mp3,Monky Disco,The Babe Rainbow (AUS),The Babe Rainbow (AUS),100,30th Century Records/Columbia,67660,Alternative
2025-04-14T17:24:01,KALX,data/kalx_clip_2025-04-14_17-23-31.mp3,Safari,The Breeders,Safari,100,4AD,43760,Alternative
2025-04-14T17:27:02,KALX,data/kalx_clip_2025-04-14_17-26-32.mp3,Lovelife,Lush,Lovelife,85,4AD,19220,Alternative
2025-04-14T17:33:03,KALX,data/kalx_clip_2025-04-14_17-32-34.mp3,Hungry Like the Wolf,Duran Duran,NOW That's What I Call The '80s,100,Universal Music,32600,Pop
2025-04-14T17:41:08,KALX,data/kalx_clip_2025-04-14_17-40-37.mp3,Survivor,Destiny's Child,SKI Hits,100,Music World Music L.L.C.,21660,R&B
2025-04-14T18:01:20,KALX,data/kalx_clip_2025-04-14_18-00-50.mp3,It Costâs to be Austere,Crash Course In Science,Near Marineland,46,Schematic Music Co.,8880,Electronic
2025-04-14T18:09:35,KALX,data/kalx_clip_2025-04-14_18-09-01.mp3,PITP,Proxy.exe,Proxy World,100,Orange Milk,42240,Hip Hop/Rap
2025-04-14T18:11:39,KALX,data/kalx_clip_2025-04-14_18-11-06.mp3,The History of the Concept of the Soul,The Mr. T Experience,Night Shift At the Thrill Factory,52,The Mr. T Experience,30540,Punk
2025-04-14T18:13:40,KALX,data/kalx_clip_2025-04-14_18-13-09.mp3,Skeletons,Inflatable Boy Clams,Inflatable Boy Clams,43,Superior Viaduct,77180,Rock
2025-04-14T18:22:42,KALX,data/kalx_clip_2025-04-14_18-22-12.mp3,Do You Want To Give $$$?,Sic Alps,Napa Asylum,85,Drag City Records,65560,Rock
2025-04-14T18:30:48,KALX,data/kalx_clip_2025-04-14_18-30-15.mp3,Bar Ship,Size,Size,100,Cleopatra Records,82400,
2025-04-14T18:44:58,KALX,data/kalx_clip_2025-04-14_18-44-28.mp3,Workin' On the Buildin',Quazar,Quazar,100,Arista/Legacy,32620,R&B
2025-04-14T18:48:59,KALX,data/kalx_clip_2025-04-14_18-48-29.mp3,Baby Turns Blue,Virgin Prunes,Baby Turns Blue,88,Mute Records Ltd,22540,Pop
2025-04-14T18:54:02,KALX,data/kalx_clip_2025-04-14_18-53-32.mp3,M.C. Mambo,"Pepper, Onion, Ginger & Salt","Ghana Special 2: Electronic Highlife & Afro Sounds In The Diaspora, 1980-93",100,Soundway Records Ltd,110860,African Music
2025-04-14T19:04:06,KALX,data/kalx_clip_2025-04-14_19-03-37.mp3,Graveyard,Butthole Surfers,Locust Abortion Technician,70,Latino Buggeveil,51000,Rock
2025-04-14T19:06:07,KALX,data/kalx_clip_2025-04-14_19-05-36.mp3,In Praise of Mitochondria,Minoru Fushimi,Thanatos Of Funk,43,180g,37360,Musique asiatique; Reggae
2025-04-14T19:09:06,KALX,data/kalx_clip_2025-04-14_19-08-37.mp3,Slide,Slave,Slide,100,Atlantic Records,46240,R&B
2025-04-14T19:13:05,KALX,data/kalx_clip_2025-04-14_19-12-35.mp3,Slide (Single Version),Slave,70s Soul Jams - Ministry of Sound,46,Ministry of Sound Recordings,283040,R&B
2025-04-14T19:14:04,KALX,data/kalx_clip_2025-04-14_19-13-35.mp3,Slide,Slave,Slide,100,Atlantic Records,344180,R&B
2025-04-14T19:15:08,KALX,data/kalx_clip_2025-04-14_19-14-34.mp3,O Superman,Laurie Anderson,O Superman,100,Nonesuch,10480,Pop
2025-04-14T19:37:19,KALX,data/kalx_clip_2025-04-14_19-36-49.mp3,Matador,Xmal Deutschland,Viva,100,Virgin EMI,51420,Rock
2025-04-14T19:51:32,KALX,data/kalx_clip_2025-04-14_19-50-58.mp3,Fuk Shit Up,Blatz,The Shit Split Double CD,100,Zafio Records,105280,Alternative; Indie Rock
2025-04-14T19:52:34,KALX,data/kalx_clip_2025-04-14_19-52-02.mp3,I Hate Banks,Mojo Nixon,Frenzy,100,Mojo Nixon,4840,Alternative; Indie Pop; Indie Rock; Pop; Indie Pop/Folk; Reggae; Rock; Films/Games
2025-04-14T20:07:44,KALX,data/kalx_clip_2025-04-14_20-07-15.mp3,Chantez-Chantez,Amadou & Mariam,The Magic Couple,100,Universal Music,58420,World
2025-04-14T20:11:42,KALX,data/kalx_clip_2025-04-14_20-11-12.mp3,Olufeme,The Uhuru Dance Band,"Ghana Soundz, Vol. 2: Afro-Beat, Funk and Fusion in 70's Ghana",100,Manufacturer,12700,World; Africa
2025-04-14T20:14:41,KALX,data/kalx_clip_2025-04-14_20-14-11.mp3,Africa Iyo,Jean-Pierre Djeukam,Cameroon Garage Funk,100,Analog Africa,30900,World
2025-04-14T20:22:45,KALX,data/kalx_clip_2025-04-14_20-22-15.mp3,I Paint A Design,Michael Hurley,Wolfways,100,Bellemeade Phonics,22320,Pop; Indie Pop/Folk
2025-04-14T20:29:49,KALX,data/kalx_clip_2025-04-14_20-29-19.mp3,Where I Like To Stand,Vashti Bunyan,Just Another Diamond Day,100,Spinney Records,105280,Folk
2025-04-14T20:30:49,KALX,data/kalx_clip_2025-04-14_20-30-19.mp3,Nais Ko,Bayang Barrios,Biyaya,100,Mayumi Records,27420,
2025-04-14T20:37:46,KALX,data/kalx_clip_2025-04-14_20-37-16.mp3,The Ecstatics,Explosions In The Sky,The Wilderness,100,Universal Music Australia Pty. Ltd.,56000,Alternative
2025-04-14T20:44:52,KALX,data/kalx_clip_2025-04-14_20-44-22.mp3,Sweet Dreams Are Made Of This,Soul Rebels Brass Band,Unlock Your Mind,100,Universal Music,59340,Jazz
2025-04-14T20:49:53,KALX,data/kalx_clip_2025-04-14_20-49-23.mp3,Take It Easy My Brother Charles,Jorge Ben,Favourites: From Samba Esquema Novo 1963 To Africa Brasil 1976,100,Wrasse Records Ltd.,50000,World; Jazz; MPB
2025-04-14T20:57:59,KALX,data/kalx_clip_2025-04-14_20-57-29.mp3,Jamaican Blue,Risa Minami,Jamaican Blue,100,Victor,43960,Reggae
2025-04-14T21:08:04,KALX,data/kalx_clip_2025-04-14_21-07-34.mp3,Ya Abai Wuha,The Nile Project,Jinja,100,Zambaleta,26180,
2025-04-14T21:14:02,KALX,data/kalx_clip_2025-04-14_21-13-32.mp3,The River,Eda Maxym,Circle of Sparks,100,Family Tree Music,30160,Pop; Singer & Songwriter
2025-04-14T21:25:13,KALX,data/kalx_clip_2025-04-14_21-24-43.mp3,Rhythm Section,DDAY ONE,Journal Extended,97,Content Label,76360,Electro
2025-04-14T21:26:13,KALX,data/kalx_clip_2025-04-14_21-25-43.mp3,The World is in the Work,Dina Maccabee,The World is in the Work,100,Dina Maccabee,18760,Alternative
2025-04-14T21:35:21,KALX,data/kalx_clip_2025-04-14_21-34-51.mp3,Indiscipline,King Crimson,Discipline,73,Discipline Global Mobile,150960,
2025-04-14T21:45:27,KALX,data/kalx_clip_2025-04-14_21-44-57.mp3,Wotoro Pousselaw,Samba TourÃ©,Baarakelaw,100,Glitterbeat Records,43940,African Music
2025-04-14T21:50:26,KALX,data/kalx_clip_2025-04-14_21-49-56.mp3,Blades,Toma Kami,Speed Oddity Vol. III,91,Man Band,77880,Electro
2025-04-14T21:52:26,KALX,data/kalx_clip_2025-04-14_21-51-56.mp3,IDK,Ela Minus,DIA,94,Domino Recording Co,46840,Electro
2025-04-14T21:57:28,KALX,data/kalx_clip_2025-04-14_21-56-57.mp3,Reading Light (For Raoul Hausmann),Jaap Blonk,Songs of Little Sleep,55,Kontrans,24700,
2025-04-15T00:10:37,KALX,data/kalx_clip_2025-04-15_00-10-07.mp3,Sofia Gubaidulina: Quartet No. 2 (1987),Kronos Quartet,Sofia Gubaidulina: Quartet No. 2 (1987),100,Nonesuch,339440,Classical
2025-04-15T00:13:36,KALX,data/kalx_clip_2025-04-15_00-13-07.mp3,Quartet No. 4,Kronos Quartet,25 Years,100,Nonesuch,14140,
2025-04-15T00:25:39,KALX,data/kalx_clip_2025-04-15_00-25-09.mp3,Prayer to AvalokitesÌvara,theresa wong,Journey to the Cave of Guanyin,40,Room 40,28660,Electronic
2025-04-15T17:11:04,KALX,data/kalx_clip_2025-04-15_17-10-34.mp3,I Found That Essence Rare,Gang of Four,I Found That Essence Rare,58,Matador,19100,Alternative
2025-04-15T17:12:08,KALX,data/kalx_clip_2025-04-15_17-11-34.mp3,I Found That Essence Rare (2021 Remaster),Gang Of Four,I Found That Essence Rare (2021 Remaster),67,PLG UK Catalog,58660,Alternative Rock
2025-04-15T17:20:13,KALX,data/kalx_clip_2025-04-15_17-19-41.mp3,Walking Talking Johnny Cash Blues,The Godfathers,More Songs About Love & Hate (Expanded Edition),100,Legacy Recordings,15360,Rock
2025-04-15T17:23:16,KALX,data/kalx_clip_2025-04-15_17-22-44.mp3,God's Gonna Cut You Down,Johnny Cash,God's Gonna Cut You Down,100,Universal Music,21960,World; Country
2025-04-15T17:27:22,KALX,data/kalx_clip_2025-04-15_17-26-51.mp3,Please Mr. D.J.,Merle Haggard,Strangers,49,Capitol Nashville,60980,Country
2025-04-15T17:34:24,KALX,data/kalx_clip_2025-04-15_17-33-54.mp3,Pani,DakhaBrakha,Yahudky,100,DakhaBrakha,98480,
2025-04-15T17:39:31,KALX,data/kalx_clip_2025-04-15_17-38-58.mp3,Kyiv Calling,Beton,Kyiv Calling,100,Free Ukraine,202320,Alternative; Pop IndÃ©; Rock indÃ©
2025-04-15T17:40:32,KALX,data/kalx_clip_2025-04-15_17-40-01.mp3,Rubens Has Been Shot!,Chumbawamba,Shhhlap!,49,No Masters,62420,Pop
2025-04-15T18:02:47,KALX,data/kalx_clip_2025-04-15_18-02-15.mp3,Transmission,Joy Division,The Best Of,100,London Records,54040,Alternative; Pop
2025-04-15T18:13:56,KALX,data/kalx_clip_2025-04-15_18-13-21.mp3,Radio,Rancid,Let's Go,100,Epitaph,32220,Rock
2025-04-15T18:17:01,KALX,data/kalx_clip_2025-04-15_18-16-29.mp3,Marriage,D.R.I.,Dealing With It,61,Beer City Digital,49840,Alternative; Indie Rock; Pop; Rock; Metal/HardRock
2025-04-15T18:20:04,KALX,data/kalx_clip_2025-04-15_18-19-31.mp3,She's My Lovegun,LustfingeR,Hits,67,Rotz + Wasser,42560,
2025-04-15T18:26:16,KALX,data/kalx_clip_2025-04-15_18-25-44.mp3,What Do I Get?,Buzzcocks,No Thanks! The '70s Punk Rebellion,49,Rhino / Wea,22440,
2025-04-15T18:35:24,KALX,data/kalx_clip_2025-04-15_18-34-52.mp3,Ascension,John Coltrane,Ascension,100,Verve Reissues,233860,Jazz
2025-04-15T18:41:23,KALX,data/kalx_clip_2025-04-15_18-40-54.mp3,No One Calls Me Baby,Sunny War,Armageddon in a Summer Dress,100,"New West Records, LLC",23880,Folk; Punk Rock
2025-04-15T18:49:23,KALX,data/kalx_clip_2025-04-15_18-48-53.mp3,Wave Goodbye,Humdrum,Wave Goodbye,100,wild at heart,48800,Alternative/Indie
2025-04-15T18:52:27,KALX,data/kalx_clip_2025-04-15_18-51-56.mp3,Happy All The Time,The Flatmates,"Potpourri: Hits, Mixes and Demos '85-'74",100,Cherry Red Records,25600,Rock
2025-04-15T18:57:29,KALX,data/kalx_clip_2025-04-15_18-56-59.mp3,Cold Heart,The Jasmine Minks,Cold Heart,100,Cherry Red Records,18180,Indie Rock
2025-04-15T19:52:32,KALX,data/kalx_clip_2025-04-15_19-52-00.mp3,Not Given Lightly,Chris Knox,Seizure,55,Flying Nun Records,88800,Rock
2025-04-15T20:04:38,KALX,data/kalx_clip_2025-04-15_20-04-07.mp3,Homemade Speed,Blatz,"Mike Montano (Live at 924 Gilman Street, December 27, 2013)",52,Zafio Records,62860,Alternative; Indie Rock
2025-04-15T20:06:40,KALX,data/kalx_clip_2025-04-15_20-06-08.mp3,Band You Love To Hate,J Church,Nostalgic for Nothing,100,Broken Rekids,40020,Alternative; Indie Rock
2025-04-15T20:07:40,KALX,data/kalx_clip_2025-04-15_20-07-10.mp3,My Favorite Place,J Church,Nostalgic for Nothing,100,Broken Rekids,102160,Punk
2025-04-15T20:08:41,KALX,data/kalx_clip_2025-04-15_20-08-10.mp3,New Dark Ages,Mutants,Fun Terminal,100,White Noise Records,64600,Pop; Metal
2025-04-15T20:12:47,KALX,data/kalx_clip_2025-04-15_20-12-17.mp3,Kiss The Bottle,Jawbreaker,Etc.,46,Blackball,40600,Alternative; Rock
2025-04-15T20:24:56,KALX,data/kalx_clip_2025-04-15_20-24-25.mp3,Let's Not,Fog Lamp,Let's Not,100,Ain't Gonna Spiral Tapes,61460,Alternative; Indie Rock
2025-04-15T20:29:02,KALX,data/kalx_clip_2025-04-15_20-28-32.mp3,Sound of a Void,Wax Idols,Discipline & Desire,100,Slumberland Records,56900,Rock
2025-04-15T20:36:10,KALX,data/kalx_clip_2025-04-15_20-35-39.mp3,Where The Ocean Meets The Eye,The Stratford 4,Love & Distortion,100,Hydroplane Records,59500,Alternative; Indie Pop; Indie Rock
2025-04-15T20:51:30,KALX,data/clips/kalx_clip_2025-04-15_20-51-00.mp3,Handgrenade Heart,The Zeros,Don't Push Me Around,46,Bomp! Records,126000,Rock
2025-04-15T20:54:32,KALX,data/clips/kalx_clip_2025-04-15_20-54-01.mp3,She's from Salinas,Sweet Baby,It's A Girl,100,Lookout! Records,23340,Alternative; Indie Rock; R&B/Soul/Funk
2025-04-15T20:58:34,KALX,data/clips/kalx_clip_2025-04-15_20-58-04.mp3,Situation,Crimpshrine,The Sound of a New World Being Born,40,Numero Group,141640,Alternative; Rock indÃ©
2025-04-15T21:03:41,KALX,data/clips/kalx_clip_2025-04-15_21-03-08.mp3,Satisfaction,The Residents,Satisfaction,100,Cherry Red Records,28140,Indie Rock
2025-04-15T21:14:53,KALX,data/clips/kalx_clip_2025-04-15_21-14-23.mp3,The Oven Is My Friend,Church Police,Not So Quiet On The Western Front,94,Alternative Tentacles,63180,Punk
2025-04-15T21:31:40,KALX,data/clips/kalx_clip_2025-04-15_21-31-10.mp3,The Bloom,Lumerians,The Bloom,100,PTKF,90660,Alternative Rock
2025-04-15T22:52:38,KALX,data/clips/kalx_clip_2025-04-15_22-52-08.mp3,Halah,Mazzy Star,She Hangs Brightly,100,Capitol Records,179080,Rock
2025-04-15T22:59:41,KALX,data/clips/kalx_clip_2025-04-15_22-59-10.mp3,Summer Madness,Kool & The Gang,Sunshine Soul - 20 Scorching Soul Classics,49,UMC (Universal Music Catalogue),244700,Pop; R & B
2025-04-15T23:01:42,KALX,data/clips/kalx_clip_2025-04-15_23-01-11.mp3,Chameleon,Unessential Oils,Unessential Oils,58,Secret City Records,7420,Alternative
2025-04-15T23:03:41,KALX,data/clips/kalx_clip_2025-04-15_23-03-11.mp3,Distrust the Magician,Unessential Oils,Unessential Oils,52,,90640,
2025-04-15T23:08:42,KALX,data/clips/kalx_clip_2025-04-15_23-08-12.mp3,Rafales,Citron Citron,MarÃ©eternelle,100,Bongo Joe,52440,Pop - Rock: Rock
2025-04-15T23:13:46,KALX,data/clips/kalx_clip_2025-04-15_23-13-15.mp3,Cruise Control,Pearl & The Oysters,Planet Pearl,49,Stones Throw Records,112960,Alternative; Indie Rock
2025-04-15T23:15:47,KALX,data/clips/kalx_clip_2025-04-15_23-15-16.mp3,Forgotten Eyes,Big Thief,Forgotten Eyes,100,4AD,52720,Alternative
2025-04-15T23:20:47,KALX,data/clips/kalx_clip_2025-04-15_23-20-17.mp3,Murder Your Memory,Title Fight,Hyperview,100,Anti/Epitaph,46300,Rock
2025-04-15T23:23:46,KALX,data/clips/kalx_clip_2025-04-15_23-23-16.mp3,Obstacle 1 (Remastered),Interpol,Turn on the Bright Lights (Tenth Anniversary Edition),100,Soft Limit,67220,Alternative
2025-04-15T23:27:49,KALX,data/clips/kalx_clip_2025-04-15_23-27-20.mp3,You Only Live Once,The Strokes,First Impressions Of Earth,100,RCA Records Label,59120,Alternative; Indie Pop; Indie Rock; Pop; Indie Pop/Folk; Rock
2025-04-15T23:30:52,KALX,data/clips/kalx_clip_2025-04-15_23-30-21.mp3,This Must Be The Place (Naive Melody),Talking Heads,Speaking In Tongues,100,Rhino/Warner Bros.,54780,Alternative; Indie Rock; Pop; Rock
2025-04-15T23:33:51,KALX,data/clips/kalx_clip_2025-04-15_23-33-22.mp3,This Must Be Home,P-SOL,"Mixed Bag, Vol. 2",91,Wall Of Fame,332800,
2025-04-15T23:38:54,KALX,data/clips/kalx_clip_2025-04-15_23-38-23.mp3,Just Can't Get Enough,Depeche Mode,Depeche Mode - Singles Box 1,64,Rhino/Warner Bros.,159760,Pop; Rock
2025-04-15T23:42:52,KALX,data/clips/kalx_clip_2025-04-15_23-42-22.mp3,I Can Change,LCD Soundsystem,This Is Happening,52,Parlophone UK,3420,Alternative; Indie Rock; Dance; Pop; Rock
2025-04-15T23:49:06,KALX,data/clips/kalx_clip_2025-04-15_23-48-34.mp3,That's My Floor,Magdalena Bay,That's My Floor,100,Mom+Pop,22480,Alternative; Indie Pop
2025-04-15T23:54:05,KALX,data/clips/kalx_clip_2025-04-15_23-53-36.mp3,Layla,Derek & The Dominos,Greatest Hits,100,"UMG Recordings, Inc.",25820,Rock
2025-04-15T23:58:07,KALX,data/clips/kalx_clip_2025-04-15_23-57-37.mp3,Layla (Piano Exit),Derek And The Dominoes,Goodfellas - Music From The Motion Picture,100,Atlantic Records,76680,Pop; Rock; Films/Games; Film Scores; Soundtracks
2025-04-16T00:02:07,KALX,data/clips/kalx_clip_2025-04-16_00-01-34.mp3,Bang Bang,Pharmakon,Todo Muere Vol. 4,100,Sacred Bones Records,122060,Alternative; Rock
2025-04-16T00:06:10,KALX,data/clips/kalx_clip_2025-04-16_00-05-39.mp3,Bang,Dark Carnival,The Last Great Ride,100,Sympathy for the Record Industry,31060,Punk
2025-04-16T00:10:13,KALX,data/clips/kalx_clip_2025-04-16_00-09-43.mp3,"Clang Bang Clang (1987, Live on Wers)",Lemonheads,Creator,100,Fire Records,35040,Rock - Alternative
2025-04-16T01:21:57,KALX,data/clips/kalx_clip_2025-04-16_01-03-53.mp3,Last Man On Earth,Hawkwind,All Aboard The Skylark,100,Cherry Red Records,180000,Rock
