timestamp,station,filename,venue,transcript,lat,lon,canonical_venue,summary,
2025-04-12T18:36:02,KALX,data/kalx_clip_2025-04-12_18-35-32.mp3,924 Gilman,"[00:00:00.000 --> 00:00:06.020]   And so here we go, I'm going to read it off here.
[00:00:06.020 --> 00:00:18.420]   This is the Saturday, April 12th, 2025, Calex entertainment calendar in the East Bay at 924 Gilman.
[00:00:18.420 --> 00:00:30.020]   It's Night Wraith with Human Head, Margaret and Warskythe.",37.879307,-122.297145,924 Gilman,"Artist(s): Night Wraith, Human Head, Margaret, Warskythe
   Venue: 924 Gilman
   Date: April 12th, 2025
   Source: KALX",
2025-04-12T18:37:03,KALX,data/kalx_clip_2025-04-12_18-36-32.mp3,Fox Theater,"[00:00:00.000 --> 00:00:08.980]   After Putrid Marsh, Fife and Magic Creature, at the Fox Theater it's Amal and the Sniffers
[00:00:08.980 --> 00:00:12.060]   and Sheer Mag.
[00:00:12.060 --> 00:00:15.780]   At the Freight it's Andrea Pritchett and Friends.
[00:00:15.780 --> 00:00:22.820]   At the Ivy Room it's Rage on Parade.
[00:00:22.820 --> 00:00:30.080]   The Last Decade, Immortallica and Stone Temple Co-Pilots.",37.808,-122.2708,Fox Theater,"1. Amal and the Sniffers playing at the Fox Theater. Source: KALX
2. Sheer Mag playing at the Fox Theater. Source: KALX
3. Andrea Pritchett and Friends playing at the Freight. Source: KALX
4. Rage on Parade playing at the Ivy Room. Source: KALX
5. The Last Decade, Immortallica, and Stone Temple Co-Pilots (Unknown Venue). Source: KALX",
2025-04-12T18:37:03,KALX,data/kalx_clip_2025-04-12_18-36-32.mp3,The Freight,"[00:00:00.000 --> 00:00:08.980]   After Putrid Marsh, Fife and Magic Creature, at the Fox Theater it's Amal and the Sniffers
[00:00:08.980 --> 00:00:12.060]   and Sheer Mag.
[00:00:12.060 --> 00:00:15.780]   At the Freight it's Andrea Pritchett and Friends.
[00:00:15.780 --> 00:00:22.820]   At the Ivy Room it's Rage on Parade.
[00:00:22.820 --> 00:00:30.080]   The Last Decade, Immortallica and Stone Temple Co-Pilots.",37.8703,-122.2698,The Freight,"1. Amal and the Sniffers playing at the Fox Theater. Source: KALX
2. Sheer Mag playing at the Fox Theater. Source: KALX
3. Andrea Pritchett and Friends playing at the Freight. Source: KALX
4. Rage on Parade playing at the Ivy Room. Source: KALX
5. The Last Decade, Immortallica and Stone Temple Co-Pilots (Unknown - no specific venue mentioned). Source: KALX",
2025-04-12T18:37:03,KALX,data/kalx_clip_2025-04-12_18-36-32.mp3,Ivy Room,"[00:00:00.000 --> 00:00:08.980]   After Putrid Marsh, Fife and Magic Creature, at the Fox Theater it's Amal and the Sniffers
[00:00:08.980 --> 00:00:12.060]   and Sheer Mag.
[00:00:12.060 --> 00:00:15.780]   At the Freight it's Andrea Pritchett and Friends.
[00:00:15.780 --> 00:00:22.820]   At the Ivy Room it's Rage on Parade.
[00:00:22.820 --> 00:00:30.080]   The Last Decade, Immortallica and Stone Temple Co-Pilots.",37.8904419,-122.2992009,Ivy Room,"1. Amal and the Sniffers playing at the Fox Theater. Source: KALX
2. Sheer Mag playing at the Fox Theater. Source: KALX
3. Andrea Pritchett and Friends playing at the Freight. Source: KALX
4. Rage on Parade playing at the Ivy Room. Source: KALX
5. The Last Decade, Immortallica and Stone Temple Co-Pilots (Unknown - date not mentioned) Source: KALX",
2025-04-12T18:38:04,KALX,data/kalx_clip_2025-04-12_18-37-33.mp3,The Chapel,"[00:00:00.000 --> 00:00:07.440]   Sugar Ray Rayford, at bottom of the hill it's Couch Dog, Mom Cars, and Moonwave.
[00:00:07.440 --> 00:00:16.800]   At Center for New Music, it's Zero Collective, Fat Cog, and Ram, or Ramda, or Fat Cog and Ramda.
[00:00:16.800 --> 00:00:25.120]   Eric Glick-Riemann and more, at the chapel is A La Las, and Monda UFO.
[00:00:25.920 --> 00:00:29.920]   at the Fillmore at Cypress Hill, at Four Star Theatre...",37.7604879,-122.42120099500400,The Chapel,"1. Couch Dog, Mom Cars, and Moonwave playing at bottom of the hill. Source: KALX
   2. Zero Collective, Fat Cog, Ram (or Ramda), or Fat Cog and Ramda at Center for New Music. Source: KALX
   3. A La Las at the chapel. Source: KALX
   4. Eric Glick-Riemann (Unknown Venue)
   5. Monda UFO at the chapel. Source: KALX
   6. Unknown Artist(s) at Fillmore at Cypress Hill, Unknown Artist(s) at Four Star Theatre (Venue name and Date are missing in this transcript). Source: KALX",
2025-04-12T18:38:04,KALX,data/kalx_clip_2025-04-12_18-37-33.mp3,Bottom of the Hill,"[00:00:00.000 --> 00:00:07.440]   Sugar Ray Rayford, at bottom of the hill it's Couch Dog, Mom Cars, and Moonwave.
[00:00:07.440 --> 00:00:16.800]   At Center for New Music, it's Zero Collective, Fat Cog, and Ram, or Ramda, or Fat Cog and Ramda.
[00:00:16.800 --> 00:00:25.120]   Eric Glick-Riemann and more, at the chapel is A La Las, and Monda UFO.
[00:00:25.920 --> 00:00:29.920]   at the Fillmore at Cypress Hill, at Four Star Theatre...",37.7649626,-122.39641152656000,Bottom of the Hill,"1. Couch Dog, Mom Cars, and Moonwave. Playing at bottom of the hill. Source: KALX
  2. Zero Collective, Fat Cog, Ram (or Ramda), or Fat Cog and Ramda. Playing at Center for New Music. Source: KALX
  3. A La Las and Monda UFO. Playing at the chapel. Source: KALX
  4. Unknown playing at Four Star Theatre or The Fillmore at Cypress Hill. Source: KALX (Since no specific artist is mentioned)",
2025-04-12T18:38:04,KALX,data/kalx_clip_2025-04-12_18-37-33.mp3,The Fillmore,"[00:00:00.000 --> 00:00:07.440]   Sugar Ray Rayford, at bottom of the hill it's Couch Dog, Mom Cars, and Moonwave.
[00:00:07.440 --> 00:00:16.800]   At Center for New Music, it's Zero Collective, Fat Cog, and Ram, or Ramda, or Fat Cog and Ramda.
[00:00:16.800 --> 00:00:25.120]   Eric Glick-Riemann and more, at the chapel is A La Las, and Monda UFO.
[00:00:25.920 --> 00:00:29.920]   at the Fillmore at Cypress Hill, at Four Star Theatre...",37.7840838,-122.433171,The Fillmore,"1. Sugar Ray Rayford playing at bottom of the hill. Source: KALX
  2. Unknown playing at Center for New Music. Source: KALX
  3. A La Las playing at the chapel. Source: KALX
  4. Monda UFO playing at the chapel. Source: KALX
  5. Unknown playing at Fillmore at Cypress Hill, Unknown at Four Star Theatre (the transcript does not provide enough information for these events). Source: KALX",
2025-04-12T18:39:05,KALX,data/kalx_clip_2025-04-12_18-38-34.mp3,Rickshaw Stop,"[00:00:00.000 --> 00:00:10.400]   of the woods brings us false flag stimulant 9/11 POS and surprise privilege at the peacock lounge
[00:00:10.400 --> 00:00:19.200]   is naked roommate rearranged face warp and lackey and at public works it's megan hamilton
[00:00:20.000 --> 00:00:29.840]   and pinio and lobe at rickshaw stop is los piranhas reetmos tropicosmos and disco",37.7759904,-122.42047537588300,Rickshaw Stop,"Artist: of the woods, Megan Hamilton, Pinio and lobe, Los Piranhas, Reetmos Tropicosmos and disco
   Venue: Peacock Lounge (for of the woods), Public Works (for megan hamilton), Rickshaw Stop (for Los Piranhas, Reetmos Tropicosmos and disco)
   Date: Unknown (as no date was mentioned in the transcript)
   Sources: KALX",
2025-04-12T18:39:05,KALX,data/kalx_clip_2025-04-12_18-38-34.mp3,Public Works,"[00:00:00.000 --> 00:00:10.400]   of the woods brings us false flag stimulant 9/11 POS and surprise privilege at the peacock lounge
[00:00:10.400 --> 00:00:19.200]   is naked roommate rearranged face warp and lackey and at public works it's megan hamilton
[00:00:20.000 --> 00:00:29.840]   and pinio and lobe at rickshaw stop is los piranhas reetmos tropicosmos and disco",37.7688931,-122.41926507660800,Public Works,"Artist: of the woods, Megan Hamilton, Pinio and Lobe, Los Piranhas, Reetmos Tropicosmos, Disco
   Venue: Peacock Lounge (for of the woods), Public Works (for megan hamilton), rickshaw stop (for Pinio and Lobe, Los Piranhas, Reetmos Tropicosmos, Disco)
   Date: Unknown. Source: KALX",
2025-04-12T20:02:26,KALX,data/kalx_clip_2025-04-12_20-01-56.mp3,The Lost Church,"[00:00:00.000 --> 00:00:11.400]   The Lost Church on Wednesday April 16th 8 15 p.m. It's all ages. It is wheelchair accessible doors open at 730
[00:00:11.400 --> 00:00:18.060]   This is at 9 8 8 Columbus Avenue in San Francisco the Lost Church
[00:00:18.060 --> 00:00:22.920]   It's to see Creek bed Carter Hogan and night jars
[00:00:22.920 --> 00:00:29.760]   You want to go to that you can have a free pair of passes",37.7657871,-122.41846711128800,The Lost Church,"Artist(s): Creek Bed, Carter Hogan, Night Jars
   Venue: The Lost Church
   Date: April 16th, 2021 (assuming current year)

   Source: KALX",
2025-04-12T21:45:17,KALX,data/kalx_clip_2025-04-12_21-44-47.mp3,Knockout,"[00:00:00.000 --> 00:00:05.040]   oh joey what do you got to say joey i was gonna say we're listening to kalx berkeley
[00:00:05.040 --> 00:00:20.080]   we're on kalx berkeley right now and we have a show coming up in may on the 19th at the knockout
[00:00:20.080 --> 00:00:29.840]   come out next one is called healthy boy uh rubble is it oh okay next one's",37.7451409,-122.420005,Knockout,"Artist: Healthy Boy (Rubble, if ""Rubble"" is part of the artist name), Venue: The Knockout, Date: May 19th. Source: KALX",
2025-04-12T23:09:11,KALX,data/kalx_clip_2025-04-12_23-08-39.mp3,Knockout,"[00:00:00.000 --> 00:00:04.820]   - Date wrong when I said it earlier because it's on 5/18.
[00:00:04.820 --> 00:00:06.180]   I think I might have said 5/19.
[00:00:06.180 --> 00:00:10.120]   But yeah, 5/18 at the Knockout in the city.
[00:00:10.120 --> 00:00:12.940]   Yep, like a fun time. - Who we playing with
[00:00:12.940 --> 00:00:13.860]   that night? - You know,
[00:00:13.860 --> 00:00:16.080]   I wish I could tell you. - Oh, TBA!
[00:00:16.080 --> 00:00:18.320]   - It's a surprise. - I love that!
[00:00:18.320 --> 00:00:19.160]   - Yep. - So you don't know
[00:00:19.160 --> 00:00:20.680]   what you're gonna get. - Yep.
[00:00:20.680 --> 00:00:24.000]   - Other than heavy lifter, which is already enough.
[00:00:24.000 --> 00:00:26.960]   - Yep. - That'll fill up your cup.
[00:00:26.960 --> 00:00:29.800]   - I think it's mocks, but I could, it might not be mocks.",37.7451409,-122.420005,Knockout,"Artist(s): Unknown
   Venue name: The Knockout in the city
   Date: May 18th, 20XX (Transcript does not provide a specific year)
   Source: KALX",
2025-04-14T02:20:27,KALX,data/kalx_clip_2025-04-14_02-19-56.mp3,Ashkenaz,"[00:00:00.000 --> 00:00:04.800]   Just, I don't know, so sometimes technique, you know, there's something to be said about that too.
[00:00:04.800 --> 00:00:11.040]   But I want to say about Ani DiFranco, I met her many years ago at the Ashkenaz,
[00:00:11.040 --> 00:00:16.640]   because we were, she was, a friend of hers in Wild Mango was doing a gig at the Berkeley
[00:00:16.640 --> 00:00:24.960]   Community Theater, and she came down to Ashkenaz to see another friend of hers in a band.
[00:00:26.080 --> 00:00:30.080]   we as like oh Ani how you doing man you're you're you're we're about to go",37.88014045,-122.29534700403000,Ashkenaz,"Artist: Ani DiFranco
   Venue: Berkeley Community Theater (This transcript does not mention a specific date, so it remains unknown.)
   Source: KALX",
2025-04-14T02:30:35,KALX,data/kalx_clip_2025-04-14_02-30-04.mp3,The Freight,"[00:00:00.000 --> 00:00:07.820]   I found myself in this band called The Shaky Booty Band, and we are a disco/funk/R&B band.
[00:00:07.820 --> 00:00:14.780]   We play only covers, and it's just a great time, and there's some kick-butt musicians
[00:00:14.780 --> 00:00:15.780]   in there.
[00:00:15.780 --> 00:00:20.280]   Actually, I've recruited some of them to be at the Freight Show.
[00:00:20.280 --> 00:00:23.560]   So Deb Hungerford plays keys in The Shaky Booty Band.
[00:00:23.560 --> 00:00:30.040]   She also plays piano and keys with me on this album.",37.8703,-122.2698,The Freight,"Artist: The Shaky Booty Band, Deb Hungerford
   Venue: Freight Show (Assumption based on context, as no specific venue name was mentioned)
   Date: Unknown (Not mentioned in the transcript)
   Source: KALX",
2025-04-14T02:31:36,KALX,data/kalx_clip_2025-04-14_02-31-05.mp3,Ivy Room,"[00:00:00.000 --> 00:00:05.080]   I'm at four o'clock, actually, there's another party monster starts at two.
[00:00:05.080 --> 00:00:09.960]   If you've never been to the Ivy Room, it's on San Pablo and Solano.
[00:00:09.960 --> 00:00:13.420]   And it's a really cool-- but I just saw some awesome--
[00:00:13.420 --> 00:00:16.180]   Chris Delmhurst was in town, and--
[00:00:16.180 --> 00:00:21.680]   Yeah, I just-- I've had a couple interviews lately with people who were just playing there.
[00:00:21.680 --> 00:00:23.640]   Ivy Room is really becoming a cool venue.
[00:00:23.640 --> 00:00:28.320]   Mike Dillon, and Kid Congo Powers, and Eric McFadden.
[00:00:28.320 --> 00:00:29.320]   Yeah, a lot of cool people.",37.8904419,-122.2992009,Ivy Room,"Artist(s): Chris Delmhurst, Mike Dillon, Kid Congo Powers, Eric McFadden
   Venue: Ivy Room (No date mentioned)
   Source: KALX",
2025-04-14T02:32:38,KALX,data/kalx_clip_2025-04-14_02-32-06.mp3,The Freight,"[00:00:00.000 --> 00:00:03.380]   - Freight to disclose a secret promo code.
[00:00:03.380 --> 00:00:06.260]   So, don't tell anyone, John.
[00:00:06.260 --> 00:00:07.720]   No, just kidding.
[00:00:07.720 --> 00:00:09.880]   If you go to the Freight and Salvage website
[00:00:09.880 --> 00:00:12.720]   and don't buy tickets from any other site
[00:00:12.720 --> 00:00:15.160]   'cause they're overcharging crazy.
[00:00:15.160 --> 00:00:17.080]   But if you go to the Freight and Salvage
[00:00:17.080 --> 00:00:19.920]   and if you hit the promo code, capital AP,
[00:00:19.920 --> 00:00:22.520]   for Andrea Pritchett, AP-50,
[00:00:22.520 --> 00:00:25.760]   you can get two tickets for one.
[00:00:25.760 --> 00:00:28.120]   So, I say take advantage of it
[00:00:28.120 --> 00:00:29.960]   'cause it really makes it a really...",37.8703,-122.2698,The Freight,"Artist(s): Unknown
   Venue name: Freight and Salvage
   Date (if mentioned): Unknown
   Source: KALX",
2025-04-14T02:53:48,KALX,data/kalx_clip_2025-04-14_02-53-17.mp3,The Freight,"[00:00:00.000 --> 00:00:19.000]   Michelle Gortz, Deb Herngerford, Isaac Cole, Maggie Forti, Marina Garza, Casey Knudsen, and Mike Derick at the Freight and Salvage, Saturday April 12th at 8 o'clock, an All-Ages Wheelchair Accessible Performance.
[00:00:19.000 --> 00:00:29.000]   Once again Andrea Pritchett and Friends at the Freight and Salvage 2020 Addison Street in Berkeley, Saturday April 12th at 8 o'clock,
[00:00:29.000 --> 00:00:30.000]   all ages will change.",37.8703,-122.2698,The Freight,"Artist(s): Michelle Gortz, Deb Herngerford, Isaac Cole, Maggie Forti, Marina Garza, Casey Knudsen, Mike Derick
   Venue: The Freight and Salvage
   Date: Saturday April 12th at 8 o'clock
   Source: KALX",
2025-04-14T07:45:17,KALX,data/kalx_clip_2025-04-14_07-44-45.mp3,The Chapel,"[00:00:00.000 --> 00:00:06.560]   So it's 8 30 p.m. Saturday April 19th. All ages are welcome and the venue is wheelchair accessible.
[00:00:06.560 --> 00:00:16.960]   If you would like a pair of passes to see ""Beachwood Sparks"" with ""Silver Synthetic"" and ""DJ Set"" by Kelly Stoltz at the chapel on Saturday April 19th,
[00:00:16.960 --> 00:00:28.000]   just be my first caller at 510-642-CALEX. It's 510-642-5259 for a pair of passes for you and a friend to see ""Beachwood Sparks"" at the chapel on April 19th.
[00:00:28.000 --> 00:00:30.000]   Alright, gonna get back into the music now.",37.7604879,-122.42120099500400,The Chapel,"Artist(s): Beachwood Sparks, Silver Synthetic, DJ Set by Kelly Stoltz
   Venue: The Chapel
   Date: April 19th

   Source: KALX",
2025-04-14T08:23:52,KALX,data/kalx_clip_2025-04-14_08-23-21.mp3,The Chapel,"[00:00:00.000 --> 00:00:06.360]   April 23rd Aida and Tsunami will be playing at the chapel in San Francisco. It's an 8 p.m
[00:00:06.360 --> 00:00:13.360]   Show Wednesday, April 23rd. The chapel is located at 777 Valencia Street in San Francisco
[00:00:13.360 --> 00:00:19.760]   all ages are welcome and the venue is wheelchair accessible if you would like a pair of passes to see Aida and
[00:00:19.760 --> 00:00:22.160]   Tsunami at the chapel on
[00:00:22.160 --> 00:00:28.820]   Wednesday April 23rd just be my second caller at 5 1 0 6 4 2 Calex
[00:00:28.820 --> 00:00:31.900]   that's five one oh six",37.7604879,-122.42120099500400,The Chapel,"Artist(s): Aida and Tsunami
   Venue: The Chapel
   Date: April 23rd

Source: KALX",
2025-04-14T08:29:55,KALX,data/kalx_clip_2025-04-14_08-29-24.mp3,Baltic Kiss,"[00:00:00.000 --> 00:00:06.720]   that was just pens with high in the cinema before that we heard hyper girl with ghost coming off
[00:00:06.720 --> 00:00:12.960]   their latest album after image it is now 8 30 a.m which means it is time for the calyx entertainment
[00:00:12.960 --> 00:00:21.840]   calendar calyx and calyx entertainment calendar is read thrice daily at 8 30 a.m 330 p.m and 6 30 p.m
[00:00:21.840 --> 00:00:28.160]   starting off in the east bay for today monday 14th of april performing at the baltic kiss or at the
[00:00:28.160 --> 00:00:29.920]   That's about the kiss, it's a jam night.",37.9362,-122.3535,Baltic Kiss,"Artist: Pens with High, Hyper Girl with Ghost
   Venue: Baltic Kiss (or at the [That's about the kiss, it's a jam night.])
   Date: Unknown (The transcript does not specify a date)
   Source: KALX",
2025-04-14T08:30:56,KALX,data/kalx_clip_2025-04-14_08-30-25.mp3,Kilowatt,"[00:00:00.000 --> 00:00:08.840]   So at the Brick and Mortar Music Hall we have Broken Side, Baymack, Brumane and from this
[00:00:08.840 --> 00:00:15.280]   day forward at the DNA Lounge Night is Monday Night Hubba, Twilight Burlesque.
[00:00:15.280 --> 00:00:22.560]   It's an open mic night at the Hotel Utah and performing at the Kilowatt will be Joby, Trisalis,
[00:00:22.560 --> 00:00:25.240]   Squiggle and Sadie Allen.
[00:00:25.240 --> 00:00:30.040]   The SF Jazz Center has SF Jam, free community jam sessions.",37.7649743,-122.4232405,Kilowatt,"1. Broken Side, Baymack, Brumane playing at Brick and Mortar Music Hall. Source: KALX
    - No date mentioned

   2. Unknown performing at DNA Lounge on Monday Night Hubba, Twilight Burlesque. Source: KALX

   3. Joby, Trisalis, Squiggle, Sadie Allen playing at Hotel Utah. Source: KALX
      - No date mentioned

   4. SF Jam, free community jam sessions at SF Jazz Center. Source: KALX
       - No artist(s) or date mentioned",
2025-04-14T08:30:56,KALX,data/kalx_clip_2025-04-14_08-30-25.mp3,DNA Lounge,"[00:00:00.000 --> 00:00:08.840]   So at the Brick and Mortar Music Hall we have Broken Side, Baymack, Brumane and from this
[00:00:08.840 --> 00:00:15.280]   day forward at the DNA Lounge Night is Monday Night Hubba, Twilight Burlesque.
[00:00:15.280 --> 00:00:22.560]   It's an open mic night at the Hotel Utah and performing at the Kilowatt will be Joby, Trisalis,
[00:00:22.560 --> 00:00:25.240]   Squiggle and Sadie Allen.
[00:00:25.240 --> 00:00:30.040]   The SF Jazz Center has SF Jam, free community jam sessions.",37.77108755,-122.41261257044600,DNA Lounge,"1. Broken Side, Baymack, Brumane at Brick and Mortar Music Hall. Source: KALX
  2. Unknown at DNA Lounge (Monday Night Hubba, Twilight Burlesque). Source: KALX
  3. Joby, Trisalis, Squiggle, Sadie Allen at Hotel Utah. Source: KALX
  4. Unknown at SF Jazz Center (SF Jam, free community jam sessions). Source: KALX",
2025-04-14T08:30:56,KALX,data/kalx_clip_2025-04-14_08-30-25.mp3,Hotel Utah,"[00:00:00.000 --> 00:00:08.840]   So at the Brick and Mortar Music Hall we have Broken Side, Baymack, Brumane and from this
[00:00:08.840 --> 00:00:15.280]   day forward at the DNA Lounge Night is Monday Night Hubba, Twilight Burlesque.
[00:00:15.280 --> 00:00:22.560]   It's an open mic night at the Hotel Utah and performing at the Kilowatt will be Joby, Trisalis,
[00:00:22.560 --> 00:00:25.240]   Squiggle and Sadie Allen.
[00:00:25.240 --> 00:00:30.040]   The SF Jazz Center has SF Jam, free community jam sessions.",37.77930235,-122.39816076428800,Hotel Utah,"1. Broken Side, Baymack, Brumane at The Brick and Mortar Music Hall. Source: KALX
    - No date mentioned

   2. Joby, Trisalis, Squiggle and Sadie Allen at The Kilowatt. Source: KALX
      - No date mentioned

   3. Monday Night Hubba, Twilight Burlesque at The DNA Lounge. Source: KALX
      - No specific date mentioned, but it's a recurring event on Mondays

   4. Open mic night at The Hotel Utah. Source: KALX
      - No artist(s) or date mentioned

   5. SF Jam (free community jam sessions) at The SF Jazz Center. Source: KALX
      - No specific date mentioned, presumably a regular event",
2025-04-14T08:30:56,KALX,data/kalx_clip_2025-04-14_08-30-25.mp3,SF Jazz Center,"[00:00:00.000 --> 00:00:08.840]   So at the Brick and Mortar Music Hall we have Broken Side, Baymack, Brumane and from this
[00:00:08.840 --> 00:00:15.280]   day forward at the DNA Lounge Night is Monday Night Hubba, Twilight Burlesque.
[00:00:15.280 --> 00:00:22.560]   It's an open mic night at the Hotel Utah and performing at the Kilowatt will be Joby, Trisalis,
[00:00:22.560 --> 00:00:25.240]   Squiggle and Sadie Allen.
[00:00:25.240 --> 00:00:30.040]   The SF Jazz Center has SF Jam, free community jam sessions.",37.7763,-122.4218,SFJAZZ Center,"1. Broken Side, Baymack, Brumane are playing at the Brick and Mortar Music Hall. Date unknown. Source: KALX
   2. Monday Night Hubba, Twilight Burlesque (unknown if they are artists or event) at DNA Lounge on Mondays. Source: KALX
   3. Joby, Trisalis, Squiggle and Sadie Allen are performing at the Hotel Utah. Date unknown. Source: KALX
   4. SF Jam (community jam sessions, no artist mentioned) at the SF Jazz Center. Date unknown. Source: KALX",
2025-04-14T09:35:03,KALX,data/kalx_clip_2025-04-14_09-34-31.mp3,The Independent,"[00:00:00.000 --> 00:00:04.280]   - Yeah, Saturday, April 26th, at the Independent.
[00:00:04.280 --> 00:00:07.080]   So, if you're curious, wanna go check it out,
[00:00:07.080 --> 00:00:10.680]   give us a call at station 510-642-KALX,
[00:00:10.680 --> 00:00:14.280]   6425259, and Plato, what number caller
[00:00:14.280 --> 00:00:15.800]   you wanna give these away to?
[00:00:15.800 --> 00:00:19.040]   - Let's do, you know, since there's two passes,
[00:00:19.040 --> 00:00:20.360]   let's go caller number two.
[00:00:20.360 --> 00:00:21.760]   - Caller number two, okay. - There you go.
[00:00:21.760 --> 00:00:23.520]   - All right, and when you're calling us,
[00:00:23.520 --> 00:00:25.800]   and you're waiting for us to pick up that phone,
[00:00:25.800 --> 00:00:27.440]   maybe you wanna get over to our website,
[00:00:27.440 --> 00:00:29.980]   at calx.berkeley.edu/donate.",37.7755281,-122.43764100406100,The Independent,"Artist(s) unknown playing at The Independent on Saturday, April 26th. Source: KALX",
2025-04-14T11:04:53,KALX,data/kalx_clip_2025-04-14_11-04-22.mp3,Fox Theater,"[00:00:00.000 --> 00:00:05.280]   gratis every time all year long so you know maybe you guys want to give back just just this once
[00:00:05.280 --> 00:00:10.320]   yes this once for um all those tickets and all those shows that we've sent you to maybe over
[00:00:10.320 --> 00:00:16.240]   the years so that being said that being said what's on the table i've got a nice pair of tickets here
[00:00:16.240 --> 00:00:25.120]   so let's see if anyone is interested in checking out a show on sunday may 4th at the fox theater
[00:00:25.840 --> 00:00:29.920]   Located at 1807 Telegraph in Oakland",37.808,-122.2708,Fox Theater,"Artist(s): Unknown
   Venue: Fox Theater
   Date: May 4th, 20XX (Year unknown)
   Source: KALX",
2025-04-14T11:05:55,KALX,data/kalx_clip_2025-04-14_11-05-23.mp3,Fox Theater,"[00:00:00.000 --> 00:00:03.120]   The show starts at seven, all ages, wheelchair accessible.
[00:00:03.120 --> 00:00:04.520]   What do you wanna do, Plato?
[00:00:04.520 --> 00:00:05.960]   Call her number.
[00:00:05.960 --> 00:00:09.700]   - Lucky number, I love, I was gonna say three.
[00:00:09.700 --> 00:00:10.640]   Lucky number three.
[00:00:10.640 --> 00:00:11.480]   - Three it is.
[00:00:11.480 --> 00:00:12.300]   - Yeah.
[00:00:12.300 --> 00:00:13.140]   - Okay, so give us a call everybody
[00:00:13.140 --> 00:00:15.460]   and we'll send you out to the Fox Theater.
[00:00:15.460 --> 00:00:16.300]   - So okay.
[00:00:16.300 --> 00:00:17.240]   - Plato, what are we gonna do next?
[00:00:17.240 --> 00:00:18.560]   - Let's head back into the music.
[00:00:18.560 --> 00:00:19.400]   - Okay.
[00:00:19.400 --> 00:00:21.760]   - And we're gonna shift gears a bit.
[00:00:21.760 --> 00:00:22.600]   - Okay.
[00:00:22.600 --> 00:00:26.620]   - And I am, we're gonna get into something here.
[00:00:28.380 --> 00:00:29.940]   This one is from the...",37.808,-122.2708,Fox Theater,"Artist(s): Unknown
   Venue: Fox Theater
   Date (if mentioned): Not mentioned. Source: KALX",
2025-04-14T11:32:20,KALX,data/kalx_clip_2025-04-14_11-31-49.mp3,Fox Theater,"[00:00:00.000 --> 00:00:07.760]   18 and up and it is wheelchair accessible. So Barry can't swim along with Anish Kumar Fox theater April 27th
[00:00:07.760 --> 00:00:12.760]   Plato what number call you want to give these to you know, let's go with
[00:00:12.760 --> 00:00:19.280]   Back to number two number two. Okay. I like number two. Okay number two very balanced number
[00:00:19.280 --> 00:00:25.200]   Yes, we got you and you guys hopefully will get us by going to calyx.berkeley.edu/donate
[00:00:25.200 --> 00:00:29.560]   Checking out all the thank you gifts that were often up this year and perhaps you will",37.808,-122.2708,Fox Theater,"Artist: Barry and Anish Kumar, Venue: Fox theater, Date: April 27th. Source: KALX",
2025-04-14T14:54:08,KALX,data/kalx_clip_2025-04-14_14-53-37.mp3,Greek Theatre,"[00:00:00.000 --> 00:00:08.080]   Sturgill Simpson is coming to the Greek Theatre later this month. I believe it's the 24th
[00:00:08.080 --> 00:00:14.080]   of this month. Sturgill Simpson has a new album out under the moniker Johnny Blue Skies.
[00:00:14.080 --> 00:00:19.760]   Let's take a listen to the new one from Johnny Blue Skies, aka Sturgill Simpson, right here
[00:00:19.760 --> 00:00:30.000]   on Your Mighty Calyx.",37.8735,-122.2547,Greek Theatre,"Artist: Sturgill Simpson (Johnny Blue Skies)
   Venue: The Greek Theatre
   Date: 24th of this month.

   Result: Sturgill Simpson (Johnny Blue Skies) playing at The Greek Theatre on the 24th of this month. Source: KALX",
2025-04-14T16:19:04,KALX,data/kalx_clip_2025-04-14_16-18-33.mp3,DNA Lounge,"[00:00:00.000 --> 00:00:05.840]   program. Zacharys Thompson, Skyway Man and Miles Lassie will be at Little Hill
[00:00:05.840 --> 00:00:11.840]   Lounge and Stella Cole will be at Yoshi's. If you're across the bay go to I
[00:00:11.840 --> 00:00:16.960]   mean you can go to brick-and-mortar music hall to see Broken Side, Bay Mac,
[00:00:16.960 --> 00:00:23.240]   Brahmane and From This Day Forward. At DNA lounge will be Monday night Hubba,
[00:00:23.240 --> 00:00:29.760]   Twilight Burlesque. Open mic will be at Hotel Utah, Joby, Chrysalis, Squiggle and",37.77108755,-122.41261257044600,DNA Lounge,"1. Zacharys Thompson, Skyway Man and Miles Lassie will be at Little Hill Lounge on Unknown Date. Source: KALX
2. Stella Cole will be at Yoshi's on Unknown Date. Source: KALX
3. Broken Side, Bay Mac, Brahmane and From This Day Forward will be at brick-and-mortar music hall on Unknown Date. Source: KALX
4. Monday night Hubba, Twilight Burlesque will be at DNA lounge on Unknown Date. Source: KALX
5. Open mic will be at Hotel Utah on Unknown Date with artist(s) Joby, Chrysalis, Squiggle. Source: KALX",
2025-04-14T16:19:04,KALX,data/kalx_clip_2025-04-14_16-18-33.mp3,Hotel Utah,"[00:00:00.000 --> 00:00:05.840]   program. Zacharys Thompson, Skyway Man and Miles Lassie will be at Little Hill
[00:00:05.840 --> 00:00:11.840]   Lounge and Stella Cole will be at Yoshi's. If you're across the bay go to I
[00:00:11.840 --> 00:00:16.960]   mean you can go to brick-and-mortar music hall to see Broken Side, Bay Mac,
[00:00:16.960 --> 00:00:23.240]   Brahmane and From This Day Forward. At DNA lounge will be Monday night Hubba,
[00:00:23.240 --> 00:00:29.760]   Twilight Burlesque. Open mic will be at Hotel Utah, Joby, Chrysalis, Squiggle and",37.77930235,-122.39816076428800,Hotel Utah,"1. Zacharys Thompson, Skyway Man, Miles Lassie will be at Little Hill Lounge. Source: KALX
    Stella Cole will be at Yoshi's. Source: KALX
    Unknown playing at brick-and-mortar music hall. Source: KALX (No specific date mentioned)
    Monday night Hubba, Twilight Burlesque at DNA lounge. Source: KALX
    Open mic will be at Hotel Utah, Joby, Chrysalis, Squiggle. Source: KALX (No specific date mentioned)",
2025-04-14T18:34:49,KALX,data/kalx_clip_2025-04-14_18-34-18.mp3,The Freight,"[00:00:00.000 --> 00:00:07.360]   It's also red at 8 30 a.m. and 3 30 p.m. This is for Monday April 14th starting in the East Bay.
[00:00:07.360 --> 00:00:14.180]   And it's a ball to kiss. It's a jam night. Eli's Mile High Club has Cole and the gang.
[00:00:14.180 --> 00:00:21.560]   The Freight has Berklee Symphony, Chamber Music, a Viennese sojourn.
[00:00:21.560 --> 00:00:30.160]   At the Ivy Room you can see Unlikely, Taipo, and Red June.",37.8703,-122.2698,The Freight,"1. Cole and the gang are playing at Eli's Mile High Club on Monday April 14th. Source: KALX
  2. Berklee Symphony is performing at The Freight on Monday April 14th (No specific time mentioned, so it's not included in the sentence). Source: KALX
  3. Unlikely, Taipo, and Red June are playing at the Ivy Room (No date mentioned, so it's not included in the sentence). Source: KALX",
2025-04-14T18:34:49,KALX,data/kalx_clip_2025-04-14_18-34-18.mp3,Ivy Room,"[00:00:00.000 --> 00:00:07.360]   It's also red at 8 30 a.m. and 3 30 p.m. This is for Monday April 14th starting in the East Bay.
[00:00:07.360 --> 00:00:14.180]   And it's a ball to kiss. It's a jam night. Eli's Mile High Club has Cole and the gang.
[00:00:14.180 --> 00:00:21.560]   The Freight has Berklee Symphony, Chamber Music, a Viennese sojourn.
[00:00:21.560 --> 00:00:30.160]   At the Ivy Room you can see Unlikely, Taipo, and Red June.",37.8904419,-122.2992009,Ivy Room,"1. Artist(s): Cole and the gang, Berklee Symphony, Unlikely, Taipo, Red June
     Venue: Eli's Mile High Club (for Cole and the gang), The Freight (for Berklee Symphony), Ivy Room (for Unlikely, Taipo, Red June)
     Date: Unknown (none is mentioned in this transcript specifically for these events)

Answers:
- ""Cole and the gang playing at Eli's Mile High Club. Source: KALX""
- ""Berklee Symphony performing at The Freight. Source: KALX""
- ""Unlikely, Taipo, and Red June at Ivy Room. Source: KALX""",
2025-04-14T18:35:49,KALX,data/kalx_clip_2025-04-14_18-35-19.mp3,Kilowatt,"[00:00:00.000 --> 00:00:09.000]   Bay Mac, Brah Main, and From This Day Forward.
[00:00:09.000 --> 00:00:18.100]   At the DNA Lounge, there's a Monday Night Hubba, Twilight Burlesque, Hotel Utah has
[00:00:18.100 --> 00:00:28.620]   an open mic, Kilowatt has Joby, Chrysalis, Squiggle, and Soddy Allen.
[00:00:28.620 --> 00:00:30.620]   SFJAZZ CENTER",37.7649743,-122.4232405,Kilowatt,"Artist(s): Bay Mac, Brah Main, From This Day Forward, Joby, Chrysalis, Squiggle, Soddy Allen. Source: KALX (No specific date was mentioned)
   Venue(s): DNA Lounge, Hotel Utah, Kilowatt, SFJAZZ CENTER. Source: KALX (No specific date was mentioned)",
2025-04-14T18:35:49,KALX,data/kalx_clip_2025-04-14_18-35-19.mp3,DNA Lounge,"[00:00:00.000 --> 00:00:09.000]   Bay Mac, Brah Main, and From This Day Forward.
[00:00:09.000 --> 00:00:18.100]   At the DNA Lounge, there's a Monday Night Hubba, Twilight Burlesque, Hotel Utah has
[00:00:18.100 --> 00:00:28.620]   an open mic, Kilowatt has Joby, Chrysalis, Squiggle, and Soddy Allen.
[00:00:28.620 --> 00:00:30.620]   SFJAZZ CENTER",37.77108755,-122.41261257044600,DNA Lounge,"Artist(s): Bay Mac, Brah Main, From This Day Forward, Joby, Chrysalis, Squiggle, Soddy Allen. Source: KALX
   Venue: DNA Lounge (Monday Night Hubba and Twilight Burlesque), Hotel Utah (open mic), SFJAZZ CENTER. Source: KALX
   Date: Unknown. Source: KALX",
2025-04-14T18:35:49,KALX,data/kalx_clip_2025-04-14_18-35-19.mp3,Hotel Utah,"[00:00:00.000 --> 00:00:09.000]   Bay Mac, Brah Main, and From This Day Forward.
[00:00:09.000 --> 00:00:18.100]   At the DNA Lounge, there's a Monday Night Hubba, Twilight Burlesque, Hotel Utah has
[00:00:18.100 --> 00:00:28.620]   an open mic, Kilowatt has Joby, Chrysalis, Squiggle, and Soddy Allen.
[00:00:28.620 --> 00:00:30.620]   SFJAZZ CENTER",37.77930235,-122.39816076428800,Hotel Utah,"Artist(s): Bay Mac, Brah Main, From This Day Forward, Joby, Chrysalis, Squiggle, Soddy Allen
   Venue: DNA Lounge (Monday Night Hubba), Hotel Utah (open mic), SFJAZZ CENTER
   Date: Unknown (radio transcript does not mention a specific date)
   Source: KALX",
2025-04-15T18:32:21,KALX,data/kalx_clip_2025-04-15_18-31-50.mp3,Little Hill Lounge,"[00:00:00.000 --> 00:00:05.000]   When a bell rings, a KALX donor gets their wings.
[00:00:05.000 --> 00:00:10.000]   And sometimes the KALX entertainment calendar gets read.
[00:00:10.000 --> 00:00:15.000]   Including now, 6.30 PM for Tuesday, April 15th in the East Bay.
[00:00:15.000 --> 00:00:20.000]   At Little Hill Lounge, you can hear Eli Knowles and Brent Ramos.
[00:00:20.000 --> 00:00:26.000]   The new parish has Etran Delaire and Maya Ongaku.
[00:00:26.000 --> 00:00:30.080]   At Yoshi's, Lee Hildebrand benefit Levee Smith Curtis Salgado.",37.9129477,-122.3099732,Little Hill Lounge,"1. Eli Knowles and Brent Ramos are playing at Little Hill Lounge on Tuesday, April 15th. Source: KALX
   2. Etran Delaire and Maya Ongaku are at the new parish on Tuesday, April 15th (Date not explicitly mentioned in transcript). Source: KALX
   3. Lee Hildebrand is performing a benefit for Levee Smith, Curtis Salgado at Yoshi's, but no specific date was mentioned. Source: KALX",
2025-04-15T18:32:21,KALX,data/kalx_clip_2025-04-15_18-31-50.mp3,The New Parish,"[00:00:00.000 --> 00:00:05.000]   When a bell rings, a KALX donor gets their wings.
[00:00:05.000 --> 00:00:10.000]   And sometimes the KALX entertainment calendar gets read.
[00:00:10.000 --> 00:00:15.000]   Including now, 6.30 PM for Tuesday, April 15th in the East Bay.
[00:00:15.000 --> 00:00:20.000]   At Little Hill Lounge, you can hear Eli Knowles and Brent Ramos.
[00:00:20.000 --> 00:00:26.000]   The new parish has Etran Delaire and Maya Ongaku.
[00:00:26.000 --> 00:00:30.080]   At Yoshi's, Lee Hildebrand benefit Levee Smith Curtis Salgado.",37.8076736,-122.2725839,The New Parish,"1. Eli Knowles and Brent Ramos are playing at Little Hill Lounge on Tuesday, April 15th. Source: KALX
   2. Etran Delaire and Maya Ongaku are performing at The new parish (unknown date, as the transcript does not provide it)
   3. Lee Hildebrand is benefiting Levee Smith Curtis Salgado at Yoshi's on an unknown date (as the transcript does not provide the specific date for this event). Source: KALX",
2025-04-15T18:33:22,KALX,data/kalx_clip_2025-04-15_18-32-51.mp3,Rickshaw Stop,"[00:00:00.000 --> 00:00:07.680]   Adam Troy and Balloon Time will be at the Knockout. Makeout Room is presenting
[00:00:07.680 --> 00:00:14.560]   Darryl Johns. At the Regency Ballroom you can hear Goldie Live and Jamal. Eider,
[00:00:14.560 --> 00:00:20.920]   KTJ and Carly will be at the Rickshaw Stop. And finally Beth Gibbons and Cass
[00:00:20.920 --> 00:00:26.520]   McCombs will be at the Warfield. You can also see events for the upcoming week on
[00:00:26.520 --> 00:00:29.920]   on our website, kalx.berkeley.edu.",37.7759904,-122.42047537588300,Rickshaw Stop,"1. Adam Troy and Balloon Time playing at The Knockout. Source: KALX
2. Darryl Johns playing at Makeout Room. Source: KALX
3. Goldie Live and Jamal playing at Regency Ballroom. Source: KALX
4. Eider, KTJ and Carly playing at the Rickshaw Stop. Source: KALX
5. Beth Gibbons and Cass McCombs playing at The Warfield. Source: KALX
6. Unknown artist(s) playing at an unknown venue (no date mentioned). Source: KALX (for events in the upcoming week, as no specific date is given)",
2025-04-15T18:33:22,KALX,data/kalx_clip_2025-04-15_18-32-51.mp3,Knockout,"[00:00:00.000 --> 00:00:07.680]   Adam Troy and Balloon Time will be at the Knockout. Makeout Room is presenting
[00:00:07.680 --> 00:00:14.560]   Darryl Johns. At the Regency Ballroom you can hear Goldie Live and Jamal. Eider,
[00:00:14.560 --> 00:00:20.920]   KTJ and Carly will be at the Rickshaw Stop. And finally Beth Gibbons and Cass
[00:00:20.920 --> 00:00:26.520]   McCombs will be at the Warfield. You can also see events for the upcoming week on
[00:00:26.520 --> 00:00:29.920]   on our website, kalx.berkeley.edu.",37.7451409,-122.420005,Knockout,"1. Adam Troy and Balloon Time playing at The Knockout. Source: KALX
2. Darryl Johns playing at Makeout Room. Source: KALX
3. Goldie Live and Jamal playing at The Regency Ballroom. Source: KALX
4. Eider, KTJ and Carly playing at The Rickshaw Stop. Source: KALX
5. Beth Gibbons and Cass McCombs playing at The Warfield. Source: KALX
6. Unknown playing at Unknown venue (as no date or specific artist name was mentioned). Source: KALX",
2025-04-15T18:33:22,KALX,data/kalx_clip_2025-04-15_18-32-51.mp3,Regency Ballroom,"[00:00:00.000 --> 00:00:07.680]   Adam Troy and Balloon Time will be at the Knockout. Makeout Room is presenting
[00:00:07.680 --> 00:00:14.560]   Darryl Johns. At the Regency Ballroom you can hear Goldie Live and Jamal. Eider,
[00:00:14.560 --> 00:00:20.920]   KTJ and Carly will be at the Rickshaw Stop. And finally Beth Gibbons and Cass
[00:00:20.920 --> 00:00:26.520]   McCombs will be at the Warfield. You can also see events for the upcoming week on
[00:00:26.520 --> 00:00:29.920]   on our website, kalx.berkeley.edu.",37.7878176,-122.4215762,Regency Ballroom,"1. Adam Troy and Balloon Time playing at The Knockout. Source: KALX
2. Darryl Johns playing at Makeout Room. Source: KALX
3. Goldie Live and Jamal playing at The Regency Ballroom. Source: KALX
4. Eider, KTJ and Carly playing at The Rickshaw Stop. Source: KALX
5. Beth Gibbons and Cass McCombs playing at The Warfield. Source: KALX
6. Unknown artist(s) playing at an unknown venue (as no date or specific venue was mentioned). Source: KALX",
2025-04-15T18:33:22,KALX,data/kalx_clip_2025-04-15_18-32-51.mp3,Warfield,"[00:00:00.000 --> 00:00:07.680]   Adam Troy and Balloon Time will be at the Knockout. Makeout Room is presenting
[00:00:07.680 --> 00:00:14.560]   Darryl Johns. At the Regency Ballroom you can hear Goldie Live and Jamal. Eider,
[00:00:14.560 --> 00:00:20.920]   KTJ and Carly will be at the Rickshaw Stop. And finally Beth Gibbons and Cass
[00:00:20.920 --> 00:00:26.520]   McCombs will be at the Warfield. You can also see events for the upcoming week on
[00:00:26.520 --> 00:00:29.920]   on our website, kalx.berkeley.edu.",37.7826218,-122.41034204471700,Warfield,"1. Adam Troy and Balloon Time playing at The Knockout. Source: KALX
2. Darryl Johns playing at Makeout Room. Source: KALX
3. Goldie Live and Jamal playing at The Regency Ballroom. Source: KALX
4. Eider, KTJ and Carly playing at The Rickshaw Stop. Source: KALX
5. Beth Gibbons and Cass McCombs playing at The Warfield. Source: KALX",
2025-04-16T21:05:30,KALX,data/clips/kalx_clip_2025-04-16_21-04-59.mp3,Kilowatt,"[00:00:00.000 --> 00:00:07.240]   in San Francisco on Thursday April 17th at 8 p.m. the kilowatt is located at
[00:00:07.240 --> 00:00:14.840]   3160 16th Street in San Francisco. This venue is 21 and up so you must be at
[00:00:14.840 --> 00:00:20.600]   least that old in order to win passes and the venue is wheelchair accessible.
[00:00:20.600 --> 00:00:27.240]   Again this is on the bill are the Lords of Altamont, the Boss Martians, the Boars
[00:00:27.240 --> 00:00:28.760]   and Johnny Nasty boots.",37.7649743,-122.4232405,Kilowatt,"Artist(s): The Lords of Altamont, the Boss Martians, the Boars, Johnny Nasty boots.
   Venue: The Kilowatt (3160 16th Street in San Francisco)
   Date: April 17th
   Source: KALX2025-04-22T01:39:16",
2025-04-22T02:07:44,KALX,data/clips/kalx_clip_2025-04-16_21-04-59.mp3,Kilowatt,"[00:00:00.000 --> 00:00:08.180]   in San Francisco on Thursday April 17th at 8 p.m. the kilowatt is located at 3160
[00:00:08.180 --> 00:00:14.880]   16th Street in San Francisco this venue is 21 and up so you must be at least
[00:00:14.880 --> 00:00:21.560]   that old in order to win passes and the venue is wheelchair accessible again
[00:00:21.560 --> 00:00:27.200]   this is on the bill are the Lords of Altamont the boss Martians the boars
[00:00:27.200 --> 00:00:28.680]   and Johnny Nasty boots.",37.7649743,-122.4232405,,,2025-04-22T02:13:17,KALX,data/clips/kalx_clip_2025-04-16_21-04-59.mp3,Kilowatt,"[00:00:00.000 --> 00:00:08.180]   in San Francisco on Thursday April 17th at 8 p.m. the kilowatt is located at 3160
[00:00:08.180 --> 00:00:14.880]   16th Street in San Francisco this venue is 21 and up so you must be at least
[00:00:14.880 --> 00:00:21.560]   that old in order to win passes and the venue is wheelchair accessible again
[00:00:21.560 --> 00:00:27.200]   this is on the bill are the Lords of Altamont the boss Martians the boars
[00:00:27.200 --> 00:00:28.680]   and Johnny Nasty boots.",37.7649743,-122.4232405
2025-04-22T02:14:21,KALX,data/clips/kalx_clip_2025-04-16_21-04-59.mp3,Kilowatt,"[00:00:00.000 --> 00:00:08.180]   in San Francisco on Thursday April 17th at 8 p.m. the kilowatt is located at 3160
[00:00:08.180 --> 00:00:14.880]   16th Street in San Francisco this venue is 21 and up so you must be at least
[00:00:14.880 --> 00:00:21.560]   that old in order to win passes and the venue is wheelchair accessible again
[00:00:21.560 --> 00:00:27.200]   this is on the bill are the Lords of Altamont the boss Martians the boars
[00:00:27.200 --> 00:00:28.680]   and Johnny Nasty boots.",37.7649743,-122.4232405
2025-04-22T02:18:11,KALX,data/clips/kalx_clip_2025-04-16_21-04-59.mp3,Kilowatt,"[00:00:00.000 --> 00:00:08.180]   in San Francisco on Thursday April 17th at 8 p.m. the kilowatt is located at 3160
[00:00:08.180 --> 00:00:14.880]   16th Street in San Francisco this venue is 21 and up so you must be at least
[00:00:14.880 --> 00:00:21.560]   that old in order to win passes and the venue is wheelchair accessible again
[00:00:21.560 --> 00:00:27.200]   this is on the bill are the Lords of Altamont the boss Martians the boars
[00:00:27.200 --> 00:00:28.680]   and Johnny Nasty boots.",37.7649743,-122.4232405
2025-04-22T02:19:16,KALX,data/clips/kalx_clip_2025-04-16_21-04-59.mp3,Kilowatt,"[00:00:00.000 --> 00:00:08.180]   in San Francisco on Thursday April 17th at 8 p.m. the kilowatt is located at 3160
[00:00:08.180 --> 00:00:14.880]   16th Street in San Francisco this venue is 21 and up so you must be at least
[00:00:14.880 --> 00:00:21.560]   that old in order to win passes and the venue is wheelchair accessible again
[00:00:21.560 --> 00:00:27.200]   this is on the bill are the Lords of Altamont the boss Martians the boars
[00:00:27.200 --> 00:00:28.680]   and Johnny Nasty boots.",37.7649743,-122.4232405
2025-04-22T02:21:11,KALX,data/clips/kalx_clip_2025-04-16_21-04-59.mp3,Kilowatt,"[00:00:00.000 --> 00:00:08.180]   in San Francisco on Thursday April 17th at 8 p.m. the kilowatt is located at 3160
[00:00:08.180 --> 00:00:14.880]   16th Street in San Francisco this venue is 21 and up so you must be at least
[00:00:14.880 --> 00:00:21.560]   that old in order to win passes and the venue is wheelchair accessible again
[00:00:21.560 --> 00:00:27.200]   this is on the bill are the Lords of Altamont the boss Martians the boars
[00:00:27.200 --> 00:00:28.680]   and Johnny Nasty boots.",37.7649743,-122.4232405
2025-04-22T02:21:59,KALX,data/clips/kalx_clip_2025-04-16_21-04-59.mp3,Kilowatt,"[00:00:00.000 --> 00:00:08.180]   in San Francisco on Thursday April 17th at 8 p.m. the kilowatt is located at 3160
[00:00:08.180 --> 00:00:14.880]   16th Street in San Francisco this venue is 21 and up so you must be at least
[00:00:14.880 --> 00:00:21.560]   that old in order to win passes and the venue is wheelchair accessible again
[00:00:21.560 --> 00:00:27.200]   this is on the bill are the Lords of Altamont the boss Martians the boars
[00:00:27.200 --> 00:00:28.680]   and Johnny Nasty boots.",37.7649743,-122.4232405
2025-04-22T02:22:50,KALX,data/clips/kalx_clip_2025-04-16_21-04-59.mp3,Kilowatt,"[00:00:00.000 --> 00:00:08.180]   in San Francisco on Thursday April 17th at 8 p.m. the kilowatt is located at 3160
[00:00:08.180 --> 00:00:14.880]   16th Street in San Francisco this venue is 21 and up so you must be at least
[00:00:14.880 --> 00:00:21.560]   that old in order to win passes and the venue is wheelchair accessible again
[00:00:21.560 --> 00:00:27.200]   this is on the bill are the Lords of Altamont the boss Martians the boars
[00:00:27.200 --> 00:00:28.680]   and Johnny Nasty boots.",37.7649743,-122.4232405
2025-04-22T02:26:46,KALX,data/clips/kalx_clip_2025-04-16_21-04-59.mp3,Kilowatt,"[00:00:00.000 --> 00:00:08.180]   in San Francisco on Thursday April 17th at 8 p.m. the kilowatt is located at 3160
[00:00:08.180 --> 00:00:14.880]   16th Street in San Francisco this venue is 21 and up so you must be at least
[00:00:14.880 --> 00:00:21.560]   that old in order to win passes and the venue is wheelchair accessible again
[00:00:21.560 --> 00:00:27.200]   this is on the bill are the Lords of Altamont the boss Martians the boars
[00:00:27.200 --> 00:00:28.680]   and Johnny Nasty boots.",37.7649743,-122.4232405
2025-04-22T02:40:47,KALX,data/clips/kalx_clip_2025-04-16_21-04-59.mp3,Kilowatt,"[00:00:00.000 --> 00:00:08.180]   in San Francisco on Thursday April 17th at 8 p.m. the kilowatt is located at 3160
[00:00:08.180 --> 00:00:14.880]   16th Street in San Francisco this venue is 21 and up so you must be at least
[00:00:14.880 --> 00:00:21.560]   that old in order to win passes and the venue is wheelchair accessible again
[00:00:21.560 --> 00:00:27.200]   this is on the bill are the Lords of Altamont the boss Martians the boars
[00:00:27.200 --> 00:00:28.680]   and Johnny Nasty boots.",37.7649743,-122.4232405
2025-04-22T02:45:34,KALX,data/clips/kalx_clip_2025-04-16_21-04-59.mp3,Kilowatt,"[00:00:00.000 --> 00:00:08.180]   in San Francisco on Thursday April 17th at 8 p.m. the kilowatt is located at 3160
[00:00:08.180 --> 00:00:14.880]   16th Street in San Francisco this venue is 21 and up so you must be at least
[00:00:14.880 --> 00:00:21.560]   that old in order to win passes and the venue is wheelchair accessible again
[00:00:21.560 --> 00:00:27.200]   this is on the bill are the Lords of Altamont the boss Martians the boars
[00:00:27.200 --> 00:00:28.680]   and Johnny Nasty boots.",37.7649743,-122.4232405
2025-04-22T02:46:49,KALX,data/clips/kalx_clip_2025-04-16_21-04-59.mp3,Kilowatt,"[00:00:00.000 --> 00:00:08.180]   in San Francisco on Thursday April 17th at 8 p.m. the kilowatt is located at 3160
[00:00:08.180 --> 00:00:14.880]   16th Street in San Francisco this venue is 21 and up so you must be at least
[00:00:14.880 --> 00:00:21.560]   that old in order to win passes and the venue is wheelchair accessible again
[00:00:21.560 --> 00:00:27.200]   this is on the bill are the Lords of Altamont the boss Martians the boars
[00:00:27.200 --> 00:00:28.680]   and Johnny Nasty boots.",37.7649743,-122.4232405
2025-04-22T02:47:05,KALX,data/clips/kalx_clip_2025-04-16_21-04-59.mp3,Kilowatt,"[00:00:00.000 --> 00:00:08.180]   in San Francisco on Thursday April 17th at 8 p.m. the kilowatt is located at 3160
[00:00:08.180 --> 00:00:14.880]   16th Street in San Francisco this venue is 21 and up so you must be at least
[00:00:14.880 --> 00:00:21.560]   that old in order to win passes and the venue is wheelchair accessible again
[00:00:21.560 --> 00:00:27.200]   this is on the bill are the Lords of Altamont the boss Martians the boars
[00:00:27.200 --> 00:00:28.680]   and Johnny Nasty boots.",37.7649743,-122.4232405
2025-04-22T02:47:33,KALX,data/clips/kalx_clip_2025-04-16_21-04-59.mp3,Kilowatt,"[00:00:00.000 --> 00:00:08.180]   in San Francisco on Thursday April 17th at 8 p.m. the kilowatt is located at 3160
[00:00:08.180 --> 00:00:14.880]   16th Street in San Francisco this venue is 21 and up so you must be at least
[00:00:14.880 --> 00:00:21.560]   that old in order to win passes and the venue is wheelchair accessible again
[00:00:21.560 --> 00:00:27.200]   this is on the bill are the Lords of Altamont the boss Martians the boars
[00:00:27.200 --> 00:00:28.680]   and Johnny Nasty boots.",37.7649743,-122.4232405
2025-04-22T02:48:13,KALX,data/clips/kalx_clip_2025-04-16_21-04-59.mp3,Kilowatt,"[00:00:00.000 --> 00:00:08.180]   in San Francisco on Thursday April 17th at 8 p.m. the kilowatt is located at 3160
[00:00:08.180 --> 00:00:14.880]   16th Street in San Francisco this venue is 21 and up so you must be at least
[00:00:14.880 --> 00:00:21.560]   that old in order to win passes and the venue is wheelchair accessible again
[00:00:21.560 --> 00:00:27.200]   this is on the bill are the Lords of Altamont the boss Martians the boars
[00:00:27.200 --> 00:00:28.680]   and Johnny Nasty boots.",37.7649743,-122.4232405
2025-04-22T02:51:11,KALX,data/clips/kalx_clip_2025-04-16_21-04-59.mp3,Kilowatt,"[00:00:00.000 --> 00:00:08.180]   in San Francisco on Thursday April 17th at 8 p.m. the kilowatt is located at 3160
[00:00:08.180 --> 00:00:14.880]   16th Street in San Francisco this venue is 21 and up so you must be at least
[00:00:14.880 --> 00:00:21.560]   that old in order to win passes and the venue is wheelchair accessible again
[00:00:21.560 --> 00:00:27.200]   this is on the bill are the Lords of Altamont the boss Martians the boars
[00:00:27.200 --> 00:00:28.680]   and Johnny Nasty boots.",37.7649743,-122.4232405
2025-04-22T02:51:48,KALX,data/clips/kalx_clip_2025-04-16_21-04-59.mp3,Kilowatt,"[00:00:00.000 --> 00:00:08.180]   in San Francisco on Thursday April 17th at 8 p.m. the kilowatt is located at 3160
[00:00:08.180 --> 00:00:14.880]   16th Street in San Francisco this venue is 21 and up so you must be at least
[00:00:14.880 --> 00:00:21.560]   that old in order to win passes and the venue is wheelchair accessible again
[00:00:21.560 --> 00:00:27.200]   this is on the bill are the Lords of Altamont the boss Martians the boars
[00:00:27.200 --> 00:00:28.680]   and Johnny Nasty boots.",37.7649743,-122.4232405
2025-04-22T02:54:46,KALX,data/clips/kalx_clip_2025-04-16_21-04-59.mp3,Kilowatt,"[00:00:00.000 --> 00:00:08.180]   in San Francisco on Thursday April 17th at 8 p.m. the kilowatt is located at 3160
[00:00:08.180 --> 00:00:14.880]   16th Street in San Francisco this venue is 21 and up so you must be at least
[00:00:14.880 --> 00:00:21.560]   that old in order to win passes and the venue is wheelchair accessible again
[00:00:21.560 --> 00:00:27.200]   this is on the bill are the Lords of Altamont the boss Martians the boars
[00:00:27.200 --> 00:00:28.680]   and Johnny Nasty boots.",37.7649743,-122.4232405
2025-04-22T02:54:59,KALX,data/clips/kalx_clip_2025-04-16_21-04-59.mp3,Kilowatt,"[00:00:00.000 --> 00:00:08.180]   in San Francisco on Thursday April 17th at 8 p.m. the kilowatt is located at 3160
[00:00:08.180 --> 00:00:14.880]   16th Street in San Francisco this venue is 21 and up so you must be at least
[00:00:14.880 --> 00:00:21.560]   that old in order to win passes and the venue is wheelchair accessible again
[00:00:21.560 --> 00:00:27.200]   this is on the bill are the Lords of Altamont the boss Martians the boars
[00:00:27.200 --> 00:00:28.680]   and Johnny Nasty boots.",37.7649743,-122.4232405
2025-04-22T02:55:45,KALX,/Users/kevinrodriguez/Documents/GitHub/arachnaradio/data/clips/kalx_clip_2025-04-22_02-54-45.mp3,Cornerstone,"[00:00:00.000 --> 00:00:03.080]   But we just put hella hours in because we love it.
[00:00:03.080 --> 00:00:05.920]   We love being on the mic and DJing and getting it in.
[00:00:05.920 --> 00:00:08.080]   But we also love this station.
[00:00:08.080 --> 00:00:10.480]   We just want the station to stay afloat.
[00:00:10.480 --> 00:00:12.220]   Get some money in, y'all.
[00:00:12.220 --> 00:00:15.840]   Callux.berkeley.edu/donate.
[00:00:15.840 --> 00:00:17.680]   And yeah, this next set, we're going
[00:00:17.680 --> 00:00:21.320]   to just bring it down like a little notch over here.
[00:00:21.320 --> 00:00:23.720]   Can't all be happy breakfast songs.
[00:00:23.720 --> 00:00:25.560]   Say happy breakfast songs.
[00:00:25.560 --> 00:00:27.840]   Some people don't have the best breakfast in the world.
[00:00:27.840 --> 00:00:30.920]   And this is going out to those of you who woke up this morning
[00:00:30.920 --> 00:00:32.600]   and the breakfast was ruined.
[00:00:32.600 --> 00:00:34.880]   That's what we're saying, you know?
[00:00:34.880 --> 00:00:37.880]   It's Pigeon John with She Cooks Me Oatmeal.
[00:00:37.880 --> 00:00:38.640]   Here in New Calix.
[00:00:38.640 --> 00:00:41.200]   But first, actually, I have a pair of tickets.
[00:00:41.200 --> 00:00:43.120]   If you and a friend would like to go and see the English Beat
[00:00:43.120 --> 00:00:45.880]   over at Cornerstone, Saturday, May 10.
[00:00:45.880 --> 00:00:47.000]   It's an APM show.
[00:00:47.000 --> 00:00:48.420]   All ages of wheelchair accessible.
[00:00:48.420 --> 00:00:52.080]   Give us a call here, 510-642-5259.
[00:00:52.080 --> 00:00:54.000]   That's 510-642-KALX.
[00:00:54.000 --> 00:00:56.200]   If you and a friend would like to go and see the English Beat
[00:00:56.200 --> 00:01:00.040]   at Cornerstone on May 10th, 8 p.m., call--",37.7574184,-122.48367362001542
2025-04-22T02:56:04,KALX,data/clips/kalx_clip_2025-04-16_21-04-59.mp3,Kilowatt,"[00:00:00.000 --> 00:00:08.180]   in San Francisco on Thursday April 17th at 8 p.m. the kilowatt is located at 3160
[00:00:08.180 --> 00:00:14.880]   16th Street in San Francisco this venue is 21 and up so you must be at least
[00:00:14.880 --> 00:00:21.560]   that old in order to win passes and the venue is wheelchair accessible again
[00:00:21.560 --> 00:00:27.200]   this is on the bill are the Lords of Altamont the boss Martians the boars
[00:00:27.200 --> 00:00:28.680]   and Johnny Nasty boots.",37.7649743,-122.4232405
2025-04-22T02:56:41,KALX,/Users/kevinrodriguez/Documents/GitHub/arachnaradio/data/clips/kalx_clip_2025-04-22_02-55-40.mp3,Cornerstone,"[00:00:00.000 --> 00:00:03.200]   See the English beat at Cornerstone on May 10th.
[00:00:03.200 --> 00:00:07.480]   8 p.m., caller number three gets these.
[00:00:07.480 --> 00:00:08.300]   Give us a buzz.
[00:00:08.300 --> 00:00:12.080]   Here is Pigeon John with She Cooks Me Oatmeal
[00:00:12.080 --> 00:00:13.760]   here on your calyx.
[00:00:13.760 --> 00:00:20.680]    Wake up the morning, the bright sun shines in 
[00:00:20.680 --> 00:00:24.420]    Brushin' my teeth when I smell legs and bacon 
[00:00:24.420 --> 00:00:28.160]    Walk down the stairs to see you cookin' 
[00:00:28.160 --> 00:00:31.880]    When my shirt, you're so good-lookin' 
[00:00:31.880 --> 00:00:35.600]    Set on the couch, you're givin' me coffee 
[00:00:35.600 --> 00:00:39.240]    Sugar and cream, it makes me a softie 
[00:00:39.240 --> 00:00:42.940]    What did I do to deserve such an angel 
[00:00:42.940 --> 00:00:45.760]    That night in my heart is untangled 
[00:00:45.760 --> 00:00:49.600]    You cook me oatmeal 
[00:00:49.600 --> 00:00:53.260]    You make me breakfast 
[00:00:53.260 --> 00:00:57.020]    And I miss you 
[00:00:57.020 --> 00:00:59.920]    'Cause I'm hungry, I'm hungry ",37.7574184,-122.48367362001542
2025-04-22T21:06:25,KALX,/Users/kevinrodriguez/Documents/GitHub/arachnaradio/data/clips/kalx_clip_2025-04-22_21-05-25.mp3,The New Parish,"[00:00:00.000 --> 00:00:03.300]   - Whale language, but we'll say that for another time.
[00:00:03.300 --> 00:00:04.400]   - Right, right, right.
[00:00:04.400 --> 00:00:06.400]   - You can just listen to it instead.
[00:00:06.400 --> 00:00:08.840]   All right, so this is a pair of passes
[00:00:08.840 --> 00:00:12.600]   for Yahweh Nailgun and Morgan Garrett.
[00:00:12.600 --> 00:00:15.980]   They're playing at the New Parish on Thursday.
[00:00:15.980 --> 00:00:19.800]   That's this Thursday, April 24th at 8.30 PM.
[00:00:19.800 --> 00:00:23.360]   The New Parish is all ages and it is wheelchair accessible.
[00:00:23.360 --> 00:00:26.560]   So if you and a guest would like to go
[00:00:26.560 --> 00:00:27.960]   to Yahweh Nailgun and Morgan Garrett,
[00:00:27.960 --> 00:00:32.960]   be my third caller here on CalX at CalX at 510-642-K-L-X,
[00:00:32.960 --> 00:00:37.720]   510-642-5259.
[00:00:37.720 --> 00:00:40.560]   We'll take the third caller for these tickets.
[00:00:40.560 --> 00:00:45.560]   And that shows at the New Parish, 1743, San Pablo, Oakland.
[00:00:45.560 --> 00:00:49.440]   All ages, wheelchair accessible.
[00:00:49.440 --> 00:00:53.120]   - Let's see those calls come in and yeah, third caller wins.
[00:00:53.120 --> 00:00:56.900]   So in the meantime, while the calls come in,
[00:00:56.900 --> 00:00:59.700]   We're gonna be playing some more music.",37.8076736,-122.2725839
2025-04-23T02:33:36,KALX,/Users/kevinrodriguez/Documents/GitHub/arachnaradio/data/clips/kalx_clip_2025-04-23_02-33-18.mp3,Ashkenaz,"[00:00:00.000 --> 00:00:07.240]   so here is your entertainment calendar reading 8 30 a.m. for Wednesday is April
[00:00:07.240 --> 00:00:13.240]   16th that is today oh my goodness at the let's start off in the East Bay at the
[00:00:13.240 --> 00:00:19.720]   Ashkenaz you can catch generator we've got Scottish fish on the stage at the",37.88014045,-122.29534700403023
2025-04-23T02:33:51,KALX,/Users/kevinrodriguez/Documents/GitHub/arachnaradio/data/clips/kalx_clip_2025-04-23_02-33-33.mp3,The Back Room,"[00:00:00.000 --> 00:00:06.440]   We've got Scottish Fish on the stage at the back room.
[00:00:06.440 --> 00:00:14.480]   Fox Theatre tonight has Glowrilla, along with Real Boston Richie and Queen Key.
[00:00:14.480 --> 00:00:20.040]   At the Freight you can catch Ablayi Sisoko.",34.201225,-118.6005277
2025-04-23T02:33:51,KALX,/Users/kevinrodriguez/Documents/GitHub/arachnaradio/data/clips/kalx_clip_2025-04-23_02-33-33.mp3,The Freight,"[00:00:00.000 --> 00:00:06.440]   We've got Scottish Fish on the stage at the back room.
[00:00:06.440 --> 00:00:14.480]   Fox Theatre tonight has Glowrilla, along with Real Boston Richie and Queen Key.
[00:00:14.480 --> 00:00:20.040]   At the Freight you can catch Ablayi Sisoko.",37.8703,-122.2698
2025-04-23T02:34:06,KALX,/Users/kevinrodriguez/Documents/GitHub/arachnaradio/data/clips/kalx_clip_2025-04-23_02-33-48.mp3,Ivy Room,"[00:00:00.000 --> 00:00:06.660]   You can catch Ablai, Sisoko, and Cyril Brotto.
[00:00:06.660 --> 00:00:20.080]   At the Ivy Room, it's Phantoms Forever, Normal Weirds, Can't, Elegant Trash, the BPMs, Busy Busy, and The Eye Wears.",37.8904419,-122.2992009
2025-04-23T02:34:21,KALX,/Users/kevinrodriguez/Documents/GitHub/arachnaradio/data/clips/kalx_clip_2025-04-23_02-34-03.mp3,Little Hill Lounge,"[00:00:00.000 --> 00:00:07.000]   The BPM's, Busy Busy, and The I Wants.
[00:00:07.000 --> 00:00:09.000]   There's a lot of fun ones in there.
[00:00:09.000 --> 00:00:16.000]   Little Hill Lounge tonight is Balzac, along with Ogres and DJ Utrio.
[00:00:16.000 --> 00:00:20.000]   And at Yoshi's in Jack London Square, Jack London Square, we have Ori.",37.9129477,-122.3099732
2025-04-23T02:34:36,KALX,/Users/kevinrodriguez/Documents/GitHub/arachnaradio/data/clips/kalx_clip_2025-04-23_02-34-18.mp3,August Hall,"[00:00:00.000 --> 00:00:06.480]   Yo, and at Yoshi's in Jack London Square, Jack London Square, we have Orianne, Orianne Thi.
[00:00:06.480 --> 00:00:14.400]   Let's make our way across the pond and see what's happening over there. At August Hall,
[00:00:14.400 --> 00:00:19.920]   puzzle and enjoy. Puzzle X, enjoy. So puzzle.",37.7875876,-122.4097872
2025-04-23T02:34:51,KALX,/Users/kevinrodriguez/Documents/GitHub/arachnaradio/data/clips/kalx_clip_2025-04-23_02-34-33.mp3,Kilowatt,"[00:00:00.000 --> 00:00:09.280]   puzzle and enjoy puzzle x enjoy so puzzle battling enjoy not sure at the
[00:00:09.280 --> 00:00:17.960]   chapel niss n i s n i i s along with kent osborne and buzzed light beer
[00:00:17.960 --> 00:00:20.000]   kilowatt tonight has",37.7649743,-122.4232405
2025-04-23T02:35:06,KALX,/Users/kevinrodriguez/Documents/GitHub/arachnaradio/data/clips/kalx_clip_2025-04-23_02-34-48.mp3,Kilowatt,"[00:00:00.000 --> 00:00:07.380]   born and buzzed light beer kilowatt tonight has citizen snips along with
[00:00:07.380 --> 00:00:18.560]   Oh booty cheek 3000 and the O's are zeros and the three in the ease or threes I
[00:00:18.560 --> 00:00:21.800]   think we got to give the",37.7649743,-122.4232405
2025-04-23T02:35:21,KALX,/Users/kevinrodriguez/Documents/GitHub/arachnaradio/data/clips/kalx_clip_2025-04-23_02-35-03.mp3,Knockout,"[00:00:00.000 --> 00:00:06.800]   R zeros and the three in the ease are threes. I think we got to give the gold star booty cheek
[00:00:06.800 --> 00:00:11.480]   3000 yes along with unresolved and red Della
[00:00:11.480 --> 00:00:16.420]   Knockout tonight has Tony J along with new bloom and
[00:00:16.420 --> 00:00:20.000]   silver calyx live band right there",37.7451409,-122.420005
2025-04-23T02:35:36,KALX,/Users/kevinrodriguez/Documents/GitHub/arachnaradio/data/clips/kalx_clip_2025-04-23_02-35-18.mp3,Make Out Room,"[00:00:00.000 --> 00:00:06.360]   New Bloom and Suver, Calyx Live Band right there.
[00:00:06.360 --> 00:00:13.000]   The Lost Church has Creek Bed Carter Hogan along with Night Jars.
[00:00:13.000 --> 00:00:17.000]   Make Out Room Tonight is Guajiron.
[00:00:17.000 --> 00:00:20.000]   At Neck of the Woods is their open mic.",37.755275,-122.4194265
2025-04-23T02:35:36,KALX,/Users/kevinrodriguez/Documents/GitHub/arachnaradio/data/clips/kalx_clip_2025-04-23_02-35-18.mp3,The Lost Church,"[00:00:00.000 --> 00:00:06.360]   New Bloom and Suver, Calyx Live Band right there.
[00:00:06.360 --> 00:00:13.000]   The Lost Church has Creek Bed Carter Hogan along with Night Jars.
[00:00:13.000 --> 00:00:17.000]   Make Out Room Tonight is Guajiron.
[00:00:17.000 --> 00:00:20.000]   At Neck of the Woods is their open mic.",37.7657871,-122.41846711128797
2025-04-23T02:35:36,KALX,/Users/kevinrodriguez/Documents/GitHub/arachnaradio/data/clips/kalx_clip_2025-04-23_02-35-18.mp3,Neck of the Woods,"[00:00:00.000 --> 00:00:06.360]   New Bloom and Suver, Calyx Live Band right there.
[00:00:06.360 --> 00:00:13.000]   The Lost Church has Creek Bed Carter Hogan along with Night Jars.
[00:00:13.000 --> 00:00:17.000]   Make Out Room Tonight is Guajiron.
[00:00:17.000 --> 00:00:20.000]   At Neck of the Woods is their open mic.",37.7831255,-122.4637116
2025-04-23T02:35:51,KALX,/Users/kevinrodriguez/Documents/GitHub/arachnaradio/data/clips/kalx_clip_2025-04-23_02-35-33.mp3,Regency Ballroom,"[00:00:00.000 --> 00:00:09.520]   here on at neck of the woods is their open mic regency ballroom has arch enemy arc enemy fit for
[00:00:09.520 --> 00:00:16.880]   an autopsy fit for an autopsy that was funny to read fit for an autopsy beast spelled a little
[00:00:16.880 --> 00:00:19.840]   funny and thrown into exile",37.7878176,-122.4215762
2025-04-23T02:35:51,KALX,/Users/kevinrodriguez/Documents/GitHub/arachnaradio/data/clips/kalx_clip_2025-04-23_02-35-33.mp3,Neck of the Woods,"[00:00:00.000 --> 00:00:09.520]   here on at neck of the woods is their open mic regency ballroom has arch enemy arc enemy fit for
[00:00:09.520 --> 00:00:16.880]   an autopsy fit for an autopsy that was funny to read fit for an autopsy beast spelled a little
[00:00:16.880 --> 00:00:19.840]   funny and thrown into exile",37.7831255,-122.4637116
2025-04-23T02:36:06,KALX,/Users/kevinrodriguez/Documents/GitHub/arachnaradio/data/clips/kalx_clip_2025-04-23_02-35-48.mp3,Rickshaw Stop,"[00:00:00.000 --> 00:00:06.800]   obviously beast spelled a little funny and thrown into exile at the rickshaw stop tonight you can
[00:00:06.800 --> 00:00:14.160]   catch baths along with fashion club and that kind of that wraps up your listing here see more of the
[00:00:14.160 --> 00:00:31.040]   events hold on see more for the upcoming",37.7759904,-122.42047537588324
2025-04-23T03:14:26,KALX,/Users/kevinrodriguez/Documents/GitHub/arachnaradio/data/clips/kalx_clip_2025-04-23_03-13-22.mp3,Great American Music Hall,"[00:00:00.000 --> 00:00:04.080]   us and Jennifer, wow, thank you Jennifer for going to the website.
[00:00:04.080 --> 00:00:08.040]   That's fantastic and you're helping the Berksters mind flow
[00:00:08.040 --> 00:00:12.080]   today. I'm gonna continue to ask him trivia questions. I'm also gonna ask our
[00:00:12.080 --> 00:00:13.480]   listeners trivia questions because
[00:00:13.480 --> 00:00:18.120]   I'm gonna give away some tickets. Should we do that? Yeah, why don't we give away a...
[00:00:18.120 --> 00:00:21.760]   Let's give away tickets and I've got a Hawkwind trivia question.
[00:00:21.760 --> 00:00:25.080]   Alright. Alright, so I'm giving away tickets
[00:00:25.080 --> 00:00:28.520]   to the Great American Music Hall Friday,
[00:00:28.520 --> 00:00:32.720]   May 16th at 9 o'clock. And the Great American Music Hall
[00:00:32.720 --> 00:00:36.640]   is located at 859 O'Farrell Street over in San Francisco.
[00:00:36.640 --> 00:00:42.040]   It is all ages and wheelchair accessible and these two passes for May 16th
[00:00:42.040 --> 00:00:45.080]   are White Denim, one of your favorites,
[00:00:45.080 --> 00:00:48.120]   and Nolan Potter's Nightmare Egg.
[00:00:48.120 --> 00:00:51.840]   And here's the trivia question for you listeners. And when you know the answer
[00:00:51.840 --> 00:00:54.120]   call us at 510-642-CALEX.
[00:00:54.120 --> 00:00:57.360]   That's 510-642-5259. Here's the question.
[00:00:57.360 --> 00:01:01.960]   that perhaps the most bonkers",37.7847659,-122.41883557457422
2025-04-23T03:31:18,KALX,/Users/kevinrodriguez/Documents/GitHub/arachnaradio/data/clips/kalx_clip_2025-04-23_03-30-14.mp3,Sweetwater Music Hall,"[00:00:00.000 --> 00:00:06.000]   artwork on the stickers this year. Put together a package just for you, you know. Think about gifts
[00:00:06.000 --> 00:00:11.040]   for upcoming holidays, even Christmas down the road. I mean these are, we don't have to tell you
[00:00:11.040 --> 00:00:14.800]   what they look like because you can go online and look at everything and build your own package.
[00:00:14.800 --> 00:00:23.120]   And you know what, that's what's great about online, but this weekend if you like old school
[00:00:23.120 --> 00:00:32.320]   and you like ring-a-ding-ding. Some people do. Yes, feel free to call. Yeah, and you know you can call
[00:00:32.320 --> 00:00:37.840]   us anytime today too at 510-642-CALAX. In fact, we're going to be giving away tickets all through
[00:00:37.840 --> 00:00:44.640]   the day. And should we do another Hawkwind trivia question? Sure. Okay, well these tickets I'm giving
[00:00:44.640 --> 00:00:49.680]   away, you'll have to answer the Hawkwind question, but the tickets I'm giving away are to the
[00:00:49.680 --> 00:00:55.680]   Sweetwater over in Mill Valley. Oh, that's Sweetwater Music Hall, 19 Corte Madera Avenue
[00:00:55.680 --> 00:00:59.840]   in Mill Valley. It's all ages and wheelchair accessible. And these passes are for...",37.9069947,-122.54814382670912
2025-04-23T03:32:12,KALX,/Users/kevinrodriguez/Documents/GitHub/arachnaradio/data/clips/kalx_clip_2025-04-23_03-31-09.mp3,Sweetwater Music Hall,"[00:00:00.000 --> 00:00:04.640]   Avenue in Mill Valley it's all ages and wheelchair accessible and these passes
[00:00:04.640 --> 00:00:13.080]   are for Friday May 9th an 8 o'clock show to see rain parade wow and asteroid
[00:00:13.080 --> 00:00:19.640]   number 4 that's rain parade and asteroid number 4 over at Sweetwater May 9th okay
[00:00:19.640 --> 00:00:24.440]   Bergster here's my question and I'm gonna pose it to you as well which
[00:00:24.440 --> 00:00:30.080]   science fiction author known for works like The Black Corridor co-wrote the
[00:00:30.080 --> 00:00:35.680]   lyrics for several Hawkwind tracks in the early 70s and even performed live
[00:00:35.680 --> 00:00:40.200]   with the band on occasion if you know the answer call us up at 5 10 6 4 2
[00:00:40.200 --> 00:00:45.040]   calyx and you'll get these tickets to Sweetwater Music Hall these passes for
[00:00:45.040 --> 00:00:49.520]   rain parade and asteroid number 4 and we'll see if we can stump the Bergster
[00:00:49.520 --> 00:00:55.680]   all right and did you know do you know their expression pie in the sky yeah
[00:00:55.680 --> 00:01:02.000]   yeah well let's hear a little pie",37.9069947,-122.54814382670912
2025-04-23T04:03:57,KALX,/Users/kevinrodriguez/Documents/GitHub/arachnaradio/data/clips/kalx_clip_2025-04-23_04-02-54.mp3,The Chapel,"[00:00:00.000 --> 00:00:08.880]   feeds the track Hasan Saba and Hasan Saba is one of my
[00:00:08.880 --> 00:00:13.600]   favorite Hawkwind songs well don't give the answer away because I'm
[00:00:13.600 --> 00:00:16.880]   going to give away tickets now and I want our listeners to answer the
[00:00:16.880 --> 00:00:23.760]   question here's the passes to the chapel 777 Valencia Street in San Francisco
[00:00:23.760 --> 00:00:29.760]   for Saturday April 19th at 8 30 p.m. and I said where they were
[00:00:29.760 --> 00:00:32.880]   located it's all ages and wheelchair accessible this is part of the folk yeah
[00:00:32.880 --> 00:00:40.100]   festival they are presenting beechwood sparks silver synthetic and DJ sets by
[00:00:40.100 --> 00:00:47.460]   Kelly Stultz yeah Kelly Stultz who we have seen many times perkster and so
[00:00:47.460 --> 00:00:52.300]   that's three bands over at the chapel Saturday April 19th at 8 30 if you would
[00:00:52.300 --> 00:00:56.320]   like to go just answer that question the Hawkwind question then call us at five
[00:00:56.320 --> 00:01:00.000]   510-642-CALEX, 510-6425259.",37.7604879,-122.42120099500367
